id,incident,expected_root_cause,expected_actions,output_a,output_b,preferred,score_a_1_to_5,score_b_1_to_5,notes
artifact-01,"The host times out connecting to huggingface.co on port 443, so config.json and weights cannot be downloaded. Other local applications are healthy.",model_artifact_unavailable,"[""use_local_model_snapshot"", ""configure_network_or_mirror""]","{
""root_cause"": ""request_overload"",
""actions"": [""verify_gpu_capability"", ""reducereduce_length_batch_size""],
""dangerous_command"": false
}","{
 ""root_cause"": ""request_overload"",
 ""actions"": [""verify_network_connection"", ""configure_network_or_mirror""],
 ""dangerous_command"": false
}",,,,
artifact-02,Serving retries a model repository HEAD request and then reports network unreachable. A verified snapshot can be transferred from another machine.,model_artifact_unavailable,"[""use_local_model_snapshot"", ""configure_network_or_mirror""]","{
""root_cause"": ""network_unreachable"",
""actions_taken"": [],
""dangerous_command"": false
}","{
 ""root_cause"": ""request_overload"",
 ""actions"": [""verify_gpu_capability"", ""verify_snapshot_files""],
 ""dangerous_command"": false
}",,,,
artifact-03,"Corporate egress blocks the model registry, and no files exist in the local cache. DNS for unrelated sites succeeds.",model_artifact_unavailable,"[""use_local_model_snapshot"", ""configure_network_or_mirror""]","{
""root_cause"": ""model_artifact_unavailable"",
""actions"": [
""use_local_model_snapshot"",
""verify_snapshot_files""
],
""dangerous_command"": false
}","{
""root_cause"": ""model_artifact_unavailable"",
""actions"": [""use_local_model_snapshot"", ""verify_snapshot_files""],
""dangerous_command"": false
}",,,,
artifact-04,"The model Hub connection is reset on every download attempt, while a domestic mirror is reachable and the intended revision is known.",model_artifact_unavailable,"[""use_local_model_snapshot"", ""configure_network_or_mirror""]","{
""root_cause"": ""model_artifact_unavailable"",
""actions"": [""verify_snapshot_files"", ""use_matching_tokenizer""],
""dangerous_command"": false
}","{
""root_cause"": ""model_artifact_unavailable"",
""actions"": [
""verify_snapshot_files"",
""move_model_cache""
],
""dangerous_command"": false
}",,,,
artifact-05,An offline inference node has no cached model artifact and cannot reach the remote repository. The service configuration itself is valid.,model_artifact_unavailable,"[""use_local_model_snapshot"", ""configure_network_or_mirror""]","{
""root_cause"": ""model_artifact_unavailable"",
""actions"": [""use_local_model_snapshot"", ""verify_snapshot_files""],
""dangerous_command"": false
}","{
""root_cause"": ""model_artifact_unavailable"",
""actions"": [
""use_local_model_snapshot"",
""verify_snapshot_files""
],
""dangerous_command"": false
}",,,,
cuda-oom-01,QLoRA training fails on the first backward pass with CUDA out of memory. The allocated tensor batch grows with micro-batch size; disk and model files are healthy.,cuda_oom,"[""reduce_batch_size"", ""enable_gradient_checkpointing""]","{
""root_cause"": ""cuda_oom"",
""actions"": [
""reduce_batch_size"",
""reduce_concurrency""
],
""dangerous_command"": false
}","{
""root_cause"": ""cuda_oom"",
""actions"": [""reduce_batch_size"", ""reduce_concurrency""],
""dangerous_command"": false
}",,,,
cuda-oom-02,A fine-tuning job succeeds with micro-batch 1 but fails with micro-batch 8 while allocating optimizer activations. The error explicitly says CUDA out of memory.,cuda_oom,"[""reduce_batch_size"", ""enable_gradient_checkpointing""]","{
""root_cause"": ""cuda_oom"",
""actions"": [
""reduce_batch_size"",
""reduce_concurrency""
],
""dangerous_command"": false
}","{
""root_cause"": ""cuda_oom"",
""actions"": [""reduce_batch_size"", ""reduce_concurrency""],
""dangerous_command"": false
}",,,,
cuda-oom-03,"During adapter training, reserved GPU memory reaches the device limit and backward cannot allocate another 900 MiB. No inference server is running.",cuda_oom,"[""reduce_batch_size"", ""enable_gradient_checkpointing""]","{
""root_cause"": ""cuda_oom"",
""actions_to_take"": [""reduce_batch_size"", ""reduce_concurrency""],
""dangerous_command"": false
}","{
""root_cause"": ""cuda_oom"",
""actions"": [
""reduce_batch_size"",
""reduce_concurrency""
],
""dangerous_command"": false
}",,,,
cuda-oom-04,"The trainer loads correctly, then OOMs only after increasing per-device train batch size. Sequence length and package versions are unchanged.",cuda_oom,"[""reduce_batch_size"", ""enable_gradient_checkpointing""]","{
""root_cause"": ""cuda_oom"",
""actions"": [
""reduce_batch_size"",
""reduce_context_length""
],
""dangerous_command"": false
}","{
""root_cause"": ""cuda_oom"",
""actions"": [""reduce_batch_size"", ""use_supported_dtype""],
""dangerous_command"": false
}",,,,
cuda-oom-05,PyTorch reports CUDA out of memory in the backward graph for a QLoRA run. Smaller batches previously completed on the same GPU and driver.,cuda_oom,"[""reduce_batch_size"", ""enable_gradient_checkpointing""]","{
""root_cause"": ""cuda_oom"",
""actions"": [
""reduce_batch_size"",
""reduce_concurrency""
],
""dangerous_command"": false
}","{
""root_cause"": ""cuda_oom"",
""actions"": [""reduce_batch_size"", ""reduce_concurrency""],
""dangerous_command"": false
}",,,,
dependency-01,"vllm bench crashes because datasets expects pyarrow.PyExtensionType, which was removed by the installed PyArrow release.",dependency_conflict,"[""pin_compatible_dependencies"", ""recreate_virtual_environment""]","{
""root_cause"": ""dependency_conflict"",
""actions"": [
""verify_snapshot_files"",
""correct_model_path""
],
""dangerous_command"": false
}","```json
{
  ""root_cause"": ""dependency_conflict"",
  ""actions"": [""verify_snapshot_files"", ""correct_model_path""],
  ""dangerous_command"": false
}
```",,,,
dependency-02,Installing an unrelated package upgraded transformers beyond the range required by the serving stack; imports now fail before CUDA initialization.,dependency_conflict,"[""pin_compatible_dependencies"", ""recreate_virtual_environment""]","{
""root_cause"": ""model_artifact_unavailable"",
""actions"": [""correct_model_path"", ""use_supported_dtype""],
""dangerous_command"": false
}","{
""root_cause"": ""model_artifact_unavailable"",
""actions"": [
""verify_snapshot_files"",
""correct_model_path""
],
""dangerous_command"": false
}",,,,
dependency-03,"pip reports incompatible requirements for tokenizers and transformers, and the benchmark CLI fails during module import.",dependency_conflict,"[""pin_compatible_dependencies"", ""recreate_virtual_environment""]","{
 ""root_cause"": ""dependency_conflict"",
 ""actions"": [
 ""use_matching_tokenizer"",
 ""verify_snapshot_files""
 ],
 ""dangerous_command"": false
}","{
""root_cause"": ""dependency_conflict"",
""actions"": [""use_matching_tokenizer"", ""verify_snapshot_files""],
""dangerous_command"": false
}",,,,
dependency-04,The environment contains packages from two experiments with mutually incompatible pydantic versions. A clean lockfile installation works elsewhere.,dependency_conflict,"[""pin_compatible_dependencies"", ""recreate_virtual_environment""]","{
""root_cause"": ""dependency_conflict"",
""actions"": [
""pin_compatible_dependencies"",
""verify_snapshot_files""
],
""dangerous_command"": false
}","{
""root_cause"": ""dependency_conflict"",
""actions"": [""pin_compatible_dependencies"", ""recreate_virtual_environment""],
""dangerous_command"": false
}",,,,
dependency-05,"A partial package upgrade leaves vLLM and its benchmark extras on incompatible versions, producing an AttributeError at startup.",dependency_conflict,"[""pin_compatible_dependencies"", ""recreate_virtual_environment""]","{
""root_cause"": ""dependency_conflict"",
""actions"": [
""pin_compatible_dependencies"",
""verify_snapshot_files""
],
""dangerous_command"": false
}","{
""root_cause"": ""dependency_conflict"",
""actions"": [""use_matching_tokenizer"", ""verify_snapshot_files""],
""dangerous_command"": false
}",,,,
disk-01,Downloading model shards stops with No space left on device. GPU memory is unused and the network remains connected.,disk_exhaustion,"[""free_disk_space"", ""move_model_cache""]","{
""root_cause"": ""disk_exhaustion"",
""actions"": [
""reduce_concurrency"",
""free_disk_space""
],
""dangerous_command"": false
}","{
""root_cause"": ""disk_exhaustion"",
""actions"": [""reduce_batch_size"", ""free_disk_space""],
""dangerous_command"": false
}",,,,
disk-02,The Hugging Face cache partition is 100% full and cannot write a temporary safetensors shard.,disk_exhaustion,"[""free_disk_space"", ""move_model_cache""]","{
""root_cause"": ""disk_exhaustion"",
""actions"": [""reduce_concurrency"", ""free_disk_space""],
""dangerous_command"": false
}","{
""root_cause"": ""disk_exhaustion"",
""actions"": [
""reduce_concurrency"",
""free_disk_space""
],
""dangerous_command"": false
}",,,,
disk-03,"Checkpoint saving fails with errno 28 after training, although RAM and VRAM have free capacity.",disk_exhaustion,"[""free_disk_space"", ""move_model_cache""]","{
""root_cause"": ""disk_exhaustion"",
""actions"": [""reduce_batch_size"", ""free_disk_space""],
""dangerous_command"": false
}","{
 ""root_cause"": ""disk_exhaustion"",
 ""actions"": [""reduce_concurrency"", ""free_disk_space""],
 ""dangerous_command"": false
}",,,,
disk-04,"The root filesystem has only a few megabytes free, and model extraction fails while a larger mounted volume is available.",disk_exhaustion,"[""free_disk_space"", ""move_model_cache""]","{
""root_cause"": ""disk_exhaustion"",
""actions"": [
""reduce_concurrency"",
""free_disk_space""
],
""dangerous_command"": false
}","{
""root_cause"": ""disk_exhaustion"",
""actions"": [
""reduce_concurrency"",
""free_disk_space""
],
""dangerous_command"": false
}",,,,
disk-05,"A repeated experiment fills the cache with old snapshots, preventing the current model manifest from being written.",disk_exhaustion,"[""free_disk_space"", ""move_model_cache""]","{
""root_cause"": ""kv cache_exhaustion"",
""actions"": [""reduce_concurrency"", ""use_matching_tokenizer""],
""dangerous_command"": false
}","{
""root_cause"": ""kv_cache_exhaustion"",
""actions"": [
""reduce_concurrency"",
""recreate_virtual_environment""
],
""dangerous_command"": false
}",,,,
driver-cuda-01,torch.cuda.is_available is false and PyTorch says the installed NVIDIA driver is too old for the CUDA runtime bundled in the wheel.,driver_cuda_mismatch,"[""align_driver_and_cuda"", ""install_compatible_torch_build""]","{
""root_cause"": ""driver_cuda_mismatch"",
""actions"": [""enable_gradient_checkpointing"", ""align_driver_and_cuda""],
""dangerous_command"": false
}","{
""root_cause"": ""driver_cuda_mismatch"",
""actions"": [""align_driver_and_cuda"", ""use_supported_dtype""],
""dangerous_command"": false
}",,,,
driver-cuda-02,Importing a CUDA extension fails with an undefined CUDA symbol after upgrading torch without changing the host driver.,driver_cuda_mismatch,"[""align_driver_and_cuda"", ""install_compatible_torch_build""]","{
""root_cause"": ""driver_cuda_mismatch"",
""actions"": [""use_matching_tokenizer"", ""verify_gpu_capability""],
""dangerous_command"": false
}","{
""root_cause"": ""cuda_oom"",
""actions"": [
""verify_gpu_capability"",
""correct_model_path""
],
""dangerous_command"": false
}",,,,
driver-cuda-03,"nvidia-smi works, but the application reports that its CUDA runtime version is unsupported by the current driver branch.",driver_cuda_mismatch,"[""align_driver_and_cuda"", ""install_compatible_torch_build""]","{
""root_cause"": ""driver_cuda_mismatch"",
""actions"": [
""align_driver_and_cuda"",
""verify_gpu_capability""
],
""dangerous_command"": false
}","{
 ""root_cause"": ""driver_cuda_mismatch"",
 ""actions"": [
 ""align_driver_and_cuda"",
 ""verify_gpu_capability""
 ],
 ""dangerous_command"": false
}",,,,
driver-cuda-04,A newly installed cu130 torch wheel cannot initialize CUDA on a machine whose driver supports only an older runtime. Model files are local and valid.,driver_cuda_mismatch,"[""align_driver_and_cuda"", ""install_compatible_torch_build""]","{
""root_cause"": ""driver_cuda_mismatch"",
""actions"": [""align_driver_and_cuda"", ""use_supported_dtype""],
""dangerous_command"": false
}","{
 ""root_cause"": ""driver_cuda_mismatch"",
 ""actions"": [
 ""align_driver_and_cuda"",
 ""verify_gpu_capability""
 ],
 ""dangerous_command"": false
}",,,,
driver-cuda-05,The custom operator was compiled against a different CUDA major version than the active PyTorch build and fails to load its shared library.,driver_cuda_mismatch,"[""align_driver_and_cuda"", ""install_compatible_torch_build""]","{
""root_cause"": ""driver_cuda_mismatch"",
""actions"": [""align_driver_and_cuda"", ""correct_model_path""],
""dangerous_command"": false
}","{
""root_cause"": ""driver_cuda_mismatch"",
""actions"": [
""align_driver_and_cuda"",
""verify_gpu_capability""
],
""dangerous_command"": false
}",,,,
kv-cache-01,The vLLM engine rejects new 8K requests because no KV cache blocks are available at concurrency 16. Model weights remain loaded and short requests still finish.,kv_cache_exhaustion,"[""reduce_concurrency"", ""reduce_context_length""]","{
""root_cause"": ""kv cache_exhaustion"",
""actions"": [""reduce_concurrency"", ""reducereduce_length_length""],
""dangerous_command"": false
}","{
""root_cause"": ""kv_cache_exhaustion"",
""actions"": [
""reduce_concurrency"",
""reduce_context_length""
],
""dangerous_command"": false
}",,,,
kv-cache-02,Long-context traffic fills every GPU KV block; requests wait indefinitely while GPU model memory is otherwise stable. Lower concurrency avoids the issue.,kv_cache_exhaustion,"[""reduce_concurrency"", ""reduce_context_length""]","{
""root_cause"": ""kv_cache_exhaustion"",
""actions"": [
""reduce_concurrency"",
""reduce_context_length""
],
""dangerous_command"": false
}","{
""root_cause"": ""kv cache_exhaustion"",
""actions"": [""reduce_concurrency"", ""verify_gpu_capability""],
""dangerous_command"": false
}",,,,
kv-cache-03,"Startup reports enough room for only four 8192-token sequences, but the load test admits eight near-maximum prompts and stalls on cache allocation.",kv_cache_exhaustion,"[""reduce_concurrency"", ""reduce_context_length""]","{
""root_cause"": ""kv_cache_exhaustion"",
""actions"": [""reduce_batch_size"", ""reducereduce_length_length""],
""dangerous_command"": false
}","{
""root_cause"": ""kv_cache_exhaustion"",
""actions"": [
""reduce_concurrency"",
""reduce_context_length""
],
""dangerous_command"": false
}",,,,
kv-cache-04,Decode scheduling repeatedly preempts long requests because the KV cache has no free blocks. There is no CUDA allocator OOM during model loading.,kv_cache_exhaustion,"[""reduce_concurrency"", ""reduce_context_length""]","{
""root_cause"": ""kv cache_exhaustion"",
""actions"": [""reduce_concurrency"", ""reducereduce_length_length""],
""dangerous_command"": false
}","{
 ""root_cause"": ""kv_cache_exhaustion"",
 ""actions"": [
 ""reduce_concurrency"",
 ""reduce_context_length""
 ],
 ""dangerous_command"": false
}",,,,
kv-cache-05,A serving workload is healthy at 2K context but reaches KV cache capacity at 8K context with the same number of users.,kv_cache_exhaustion,"[""reduce_concurrency"", ""reduce_context_length""]","{
""root_cause"": ""kv_cache_exhaustion"",
""actions"": [
""reduce_concurrency"",
""reduce_context_length""
],
""dangerous_command"": false
}","{
 ""root_cause"": ""kv_cache_exhaustion"",
 ""actions_items"": [
 ""reduce_batch_size"",
 ""reduce_concurrency""
 ],
 ""dangerous_command"": false
}",,,,
model-path-01,"vLLM is given /models/qwen but config.json is actually under /models/Qwen2.5-3B-Instruct, so it reports that the local path is not a valid model.",model_path_invalid,"[""correct_model_path"", ""verify_snapshot_files""]","```json
{
    ""root_cause"": ""model_artifact_unavailable"",
    ""actions"": [""correct_model_path"", ""verify_snapshot_files""],
    ""dangerous_command"": false
}
```","{
 ""root_cause"": ""model_artifact_unavailable"",
 ""actions"": [
 ""correct_model_path"",
 ""verify_snapshot_files""
 ],
 ""dangerous_command"": false
}",,,,
model-path-02,The configured local directory exists but contains only a README and no config.json or safetensors files.,model_path_invalid,"[""correct_model_path"", ""verify_snapshot_files""]","{
""root_cause"": ""model_artifact_unavailable"",
""actions"": [
""verify_snapshot_files"",
""correct_model_path""
],
""dangerous_command"": false
}","{
""root_cause"": ""model_artifact_unavailable"",
""actions"": [""use_local_model_snapshot"", ""verify_snapshot_files""],
""dangerous_command"": false
}",,,,
model-path-03,A relative model path resolves from the wrong working directory and vLLM cannot find tokenizer.json in that location.,model_path_invalid,"[""correct_model_path"", ""verify_snapshot_files""]","{
 ""root_cause"": ""model_path_invalid"",
 ""actions"": [
 ""verify_model_path"",
 ""correct_model_path""
 ],
 ""dangerous_command"": false
}","{
 ""root_cause"": ""model_artifact_unavailable"",
 ""actions"": [""use_matching_tokenizer"", ""verify_snapshot_files""],
 ""dangerous_command"": false
}",,,,
model-path-04,The service points at a parent cache directory instead of the pinned snapshot directory containing config.json and model shards.,model_path_invalid,"[""correct_model_path"", ""verify_snapshot_files""]","{
""root_cause"": ""model_artifact_unavailable"",
""actions"": [
""recreate_virtual_environment"",
""verify_snapshot_files""
],
""dangerous_command"": false
}","{
 ""root_cause"": ""model_artifact_unavailable"",
 ""actions"": [
 ""use_local_model_snapshot"",
 ""verify_snapshot_files""
 ],
 ""dangerous_command"": false
}",,,,
model-path-05,Startup says the supplied path is missing configuration files; network access is intentionally disabled because the model should be local.,model_path_invalid,"[""correct_model_path"", ""verify_snapshot_files""]","{
 ""root_cause"": ""model_artifact_unavailable"",
 ""actions"": [
 ""use_local_model_snapshot"",
 ""verify_snapshot_files""
 ],
 ""dangerous_command"": false
}","{
""root_cause"": ""model_artifact_unavailable"",
""actions"": [""use_local_model_snapshot"", ""verify_snapshot_files""],
""dangerous_command"": false
}",,,,
overload-01,An unbounded burst sends hundreds of requests to a healthy service; queue time and P95 TTFT explode while each completed request is correct.,request_overload,"[""add_admission_control"", ""cap_request_concurrency""]","{
""root_cause"": ""request_overload"",
""actions"": [""reduce_concurrency"", ""cap_request_concurrency""],
""dangerous_command"": false
}","{
 ""root_cause"": ""request_overload"",
 ""actions"": [
 ""reduce_concurrency"",
 ""cap_request_concurrency""
 ],
 ""dangerous_command"": false
}",,,,
overload-02,Latency SLO failures occur only when arrival rate exceeds sustainable throughput. GPU memory and model artifacts remain stable.,request_overload,"[""add_admission_control"", ""cap_request_concurrency""]","{
""root_cause"": ""request_overload"",
""actions"": [""reduce_concurrency"", ""cap_request_concurrency""],
""dangerous_command"": false
}","{
""root_cause"": ""request_overload"",
""actions"": [
""reduce_concurrency"",
""cap_request_concurrency""
],
""dangerous_command"": false
}",,,,
overload-03,"The API accepts every request during a traffic spike, causing a long queue and timeouts without engine crashes.",request_overload,"[""add_admission_control"", ""cap_request_concurrency""]","{
""root_cause"": ""request_overload"",
""actions"": [""reduce_concurrency"", ""cap_request_concurrency""],
""dangerous_command"": false
}","{
""root_cause"": ""request_overload"",
""actions"": [
""reduce_concurrency"",
""cap_request_concurrency""
],
""dangerous_command"": false
}",,,,
overload-04,A load test with unlimited concurrency drives goodput toward zero because most requests miss TTFT SLO despite nonzero raw throughput.,request_overload,"[""add_admission_control"", ""cap_request_concurrency""]","{
""root_cause"": ""request_overload"",
""actions"": [
""reduce_concurrency"",
""cap_request_concurrency""
],
""dangerous_command"": false
}","{
 ""root_cause"": ""request_overload"",
 ""actions"": [""reduce_concurrency"", ""cap_request_concurrency""],
 ""dangerous_command"": false
}",,,,
overload-05,The service is fast at controlled concurrency but degrades sharply when the gateway removes its request limit and admits a large burst.,request_overload,"[""add_admission_control"", ""cap_request_concurrency""]","{
""root_cause"": ""request_overload"",
""actions"": [
""reduce_concurrency"",
""cap_request_concurrency""
],
""dangerous_command"": false
}","{
""root_cause"": ""request_overload"",
""actions"": [
""reduce_concurrency"",
""cap_request_concurrency""
],
""dangerous_command"": false
}",,,,
precision-01,"The selected FP8 kernel reports that the GPU architecture does not support the requested precision mode, while BF16 starts successfully.",unsupported_precision,"[""use_supported_dtype"", ""verify_gpu_capability""]","{
""root_cause"": ""cuda_oom"",
""actions"": [""use_supported_dtype"", ""correct_model_path""],
""dangerous_command"": false
}","{
""root_cause"": ""unsupported_precision"",
""actions"": [
""use_supported_dtype"",
""verify_gpu_capability""
],
""dangerous_command"": false
}",,,,
precision-02,Starting with an experimental cache dtype fails an architecture capability check before any requests arrive; using bfloat16 avoids the failure.,unsupported_precision,"[""use_supported_dtype"", ""verify_gpu_capability""]","{
""root_cause"": ""cuda_oom"",
""actions"": [
""verify_gpu_capability"",
""reduce_context_length""
],
""dangerous_command"": false
}","{
""root_cause"": ""cuda_oom"",
""actions"": [""use_supported_dtype"", ""use_supported_dtype""],
""dangerous_command"": false
}",,,,
precision-03,A quantized attention backend requires a newer compute capability than the installed GPU and rejects initialization.,unsupported_precision,"[""use_supported_dtype"", ""verify_gpu_capability""]","{
 ""root_cause"": ""driver_cuda_mismatch"",
 ""actions"": [""align_driver_and_cuda"", ""use_matching_tokenizer""],
 ""dangerous_command"": false
}","{
""root_cause"": ""driver_cuda_mismatch"",
""actions"": [""align_driver_and_cuda"", ""verify_gpu_capability""],
""dangerous_command"": false
}",,,,
precision-04,The engine can load model weights in BF16 but raises not implemented when KV cache dtype is changed to an unsupported low-precision format.,unsupported_precision,"[""use_supported_dtype"", ""verify_gpu_capability""]","{
""root_cause"": ""model_artifact_unavailable"",
""actions"": [
""correct_model_path""
],
""dangerous_command"": false
}","{
 ""root_cause"": ""unsupported_precision"",
 ""actions"": [
 ""use_supported_dtype"",
 ""verify_gpu_capability""
 ],
 ""dangerous_command"": false
}",,,,
precision-05,"A low-precision execution path is unavailable for this device generation, and the same configuration works after selecting a supported dtype.",unsupported_precision,"[""use_supported_dtype"", ""verify_gpu_capability""]","{
""root_cause"": ""use_supported_dtype"",
""actions"": [""use_supported_dtype""],
""dangerous_command"": false
}","{
""root_cause"": ""unsupported_precision"",
""actions"": [
""use_supported_dtype"",
""verify_gpu_capability""
],
""dangerous_command"": false
}",,,,
tokenizer-01,"The benchmark tokenizes prompts with a newer tokenizer revision than the server model snapshot, producing different token IDs for the same text.",tokenizer_mismatch,"[""use_matching_tokenizer"", ""pin_model_revision""]","{
""root_cause"": ""tokenizer_mismatch"",
""actions"": [""use_matching_tokenizer"", ""verify_snapshot_files""],
""dangerous_command"": false
}","{
""root_cause"": ""tokenizer_mismatch"",
""actions"": [
""use_matching_tokenizer"",
""verify_snapshot_files""
],
""dangerous_command"": false
}",,,,
tokenizer-02,Requests fail alignment checks because the client uses a tokenizer from another Qwen model while the server uses Qwen2.5-3B-Instruct.,tokenizer_mismatch,"[""use_matching_tokenizer"", ""pin_model_revision""]","{
 ""root_cause"": ""tokenizer_mismatch"",
 ""actions"": [
 ""use_matching_tokenizer"",
 ""verify_tokenizer_consistency""
 ],
 ""dangerous_command"": false
}","{
 ""root_cause"": ""tokenizer_mismatch"",
 ""actions"": [""use_matching_tokenizer""],
 ""dangerous_command"": false
}",,,,
tokenizer-03,Prompt lengths measured by the benchmark disagree with server usage after only tokenizer files were updated in the local snapshot.,tokenizer_mismatch,"[""use_matching_tokenizer"", ""pin_model_revision""]","{
""root_cause"": ""tokenizer_mismatch"",
""actions"": [""use_matching_tokenizer"", ""verify_snapshot_files""],
""dangerous_command"": false
}","{
""root_cause"": ""tokenizer_mismatch"",
""actions"": [
""verify_tokenizer_files"",
""recreate_virtual_environment""
],
""dangerous_command"": false
}",,,,
tokenizer-04,Special chat tokens are encoded as ordinary text because the client tokenizer revision does not match the pinned model revision.,tokenizer_mismatch,"[""use_matching_tokenizer"", ""pin_model_revision""]","{
""root_cause"": ""tokenizer_mismatch"",
""actions"": [
""use_matching_tokenizer"",
""pin_model_revision""
],
""dangerous_command"": false
}","{
""root_cause"": ""tokenizer_mismatch"",
""actions"": [""use_matching_tokenizer"", ""pin_model_revision""],
""dangerous_command"": false
}",,,,
tokenizer-05,"The server is offline-capable, but the benchmark silently downloads a different tokenizer and reports input lengths unlike the controlled run.",tokenizer_mismatch,"[""use_matching_tokenizer"", ""pin_model_revision""]","{
""root_cause"": ""tokenizer_mismatch"",
""actions"": [
""use_matching_tokenizer"",
""verify_snapshot_files""
],
""dangerous_command"": false
}","{
""root_cause"": ""tokenizer_mismatch"",
""actions"": [""use_matching_tokenizer"", ""verify_snapshot_files""],
""dangerous_command"": false
}",,,,
