manifest,result_file,profile,server_profile,repetition,benchmark_config_sha256,server_config_sha256,input_len,output_len,slo_ttft_ms,slo_tpot_ms,max_concurrency,completed,failed,error_rate,request_throughput,request_goodput,output_throughput,total_token_throughput,p50_ttft_ms,p95_ttft_ms,p99_ttft_ms,p50_tpot_ms,p95_tpot_ms,p99_tpot_ms,p95_e2el_ms,peak_memory_used_mib,mean_gpu_utilization_percent,max_temperature_c,mean_power_draw_w,valid
artifacts/env/20260802T003741Z-e01_baseline_short_c1.json,/home/user/projects/QwenServe-12G/artifacts/results/e01_baseline_matrix/e01_baseline_short_c1/e01_baseline_short_c1-infqps-concurrency1-Qwen2.5-3B-Instruct-20260802-084042.json,e01_baseline_short_c1,baseline_bf16,1,4b586c6623e9471a6e8350197a023bad6e682473304d4884b95950b43b52c530,191eb169b3ead036934509b780f7e1edc1a271008d5ebb4ad3ee35f1973aa826,128,128,1000.0,50.0,1,100,0,0.0,0.7129040897578779,0.7129040897578779,91.25172348900837,182.50344697801674,19.462686000224494,23.096319149863096,35.39221784021721,10.883235960630651,10.894821039372564,10.897536139919888,1405.2719432505453,11174.0,93.39240506329114,59.0,178.86240506329113,True
artifacts/env/20260802T003741Z-e01_baseline_short_c1.json,/home/user/projects/QwenServe-12G/artifacts/results/e01_baseline_matrix/e01_baseline_short_c1/e01_baseline_short_c1-infqps-concurrency1-Qwen2.5-3B-Instruct-20260802-084355.json,e01_baseline_short_c1,baseline_bf16,2,4b586c6623e9471a6e8350197a023bad6e682473304d4884b95950b43b52c530,191eb169b3ead036934509b780f7e1edc1a271008d5ebb4ad3ee35f1973aa826,128,128,1000.0,50.0,1,100,0,0.0,0.712241413426692,0.712241413426692,91.16690091861658,182.33380183723315,19.68417899979613,34.92695655013446,54.68872450975141,10.882045503937597,10.893092108659674,10.899587227323199,1414.5620694000627,11174.0,93.22151898734177,59.0,178.26518987341774,True
artifacts/env/20260802T003741Z-e01_baseline_short_c1.json,/home/user/projects/QwenServe-12G/artifacts/results/e01_baseline_matrix/e01_baseline_short_c1/e01_baseline_short_c1-infqps-concurrency1-Qwen2.5-3B-Instruct-20260802-084707.json,e01_baseline_short_c1,baseline_bf16,3,4b586c6623e9471a6e8350197a023bad6e682473304d4884b95950b43b52c530,191eb169b3ead036934509b780f7e1edc1a271008d5ebb4ad3ee35f1973aa826,128,128,1000.0,50.0,1,100,0,0.0,0.712193900634565,0.712193900634565,91.16081928122432,182.32163856244864,19.445363499926316,39.81055025033128,54.64339345978263,10.879685452752216,10.89766660747597,10.937246994720935,1421.358072000794,11257.0,93.15286624203821,57.0,178.41140127388536,True
artifacts/env/20260802T004738Z-e01_baseline_short_c4.json,/home/user/projects/QwenServe-12G/artifacts/results/e01_baseline_matrix/e01_baseline_short_c4/e01_baseline_short_c4-infqps-concurrency4-Qwen2.5-3B-Instruct-20260802-084843.json,e01_baseline_short_c4,baseline_bf16,1,4b586c6623e9471a6e8350197a023bad6e682473304d4884b95950b43b52c530,191eb169b3ead036934509b780f7e1edc1a271008d5ebb4ad3ee35f1973aa826,128,128,1000.0,50.0,4,100,0,0.0,2.6103554881362165,2.6103554881362165,334.1255024814357,668.2510049628714,63.691199499771756,71.07213500003127,71.81594162013425,11.537002877954421,11.793663828348143,11.997454115745407,1544.1289045498252,11275.0,84.32,57.0,142.4432,True
artifacts/env/20260802T004738Z-e01_baseline_short_c4.json,/home/user/projects/QwenServe-12G/artifacts/results/e01_baseline_matrix/e01_baseline_short_c4/e01_baseline_short_c4-infqps-concurrency4-Qwen2.5-3B-Instruct-20260802-085003.json,e01_baseline_short_c4,baseline_bf16,2,4b586c6623e9471a6e8350197a023bad6e682473304d4884b95950b43b52c530,191eb169b3ead036934509b780f7e1edc1a271008d5ebb4ad3ee35f1973aa826,128,128,1000.0,50.0,4,100,0,0.0,2.6393502021090263,2.6393502021090263,337.83682586995536,675.6736517399107,58.82781899981637,63.93498355032534,65.37925130023723,11.464950968504098,11.660930003938663,11.66428923268061,1519.3076603502504,11275.0,83.95918367346938,57.0,141.04897959183674,True
artifacts/env/20260802T004738Z-e01_baseline_short_c4.json,/home/user/projects/QwenServe-12G/artifacts/results/e01_baseline_matrix/e01_baseline_short_c4/e01_baseline_short_c4-infqps-concurrency4-Qwen2.5-3B-Instruct-20260802-085124.json,e01_baseline_short_c4,baseline_bf16,3,4b586c6623e9471a6e8350197a023bad6e682473304d4884b95950b43b52c530,191eb169b3ead036934509b780f7e1edc1a271008d5ebb4ad3ee35f1973aa826,128,128,1000.0,50.0,4,100,0,0.0,2.6355605446542154,2.6355605446542154,337.3517497157396,674.7034994314791,58.882813500076736,67.75337715025671,98.55301490960301,11.470128062991154,11.667108462993419,11.694549757558983,1524.4773760003682,11275.0,83.6,57.0,140.4592,True
artifacts/env/20260802T005155Z-e01_baseline_short_c8.json,/home/user/projects/QwenServe-12G/artifacts/results/e01_baseline_matrix/e01_baseline_short_c8/e01_baseline_short_c8-infqps-concurrency8-Qwen2.5-3B-Instruct-20260802-085240.json,e01_baseline_short_c8,baseline_bf16,1,4b586c6623e9471a6e8350197a023bad6e682473304d4884b95950b43b52c530,191eb169b3ead036934509b780f7e1edc1a271008d5ebb4ad3ee35f1973aa826,128,128,1000.0,50.0,8,100,0,0.0,4.898897671938828,4.898897671938828,627.05890200817,1254.11780401634,90.7583150001301,111.03382204978516,111.87681965939191,11.674061440943639,12.072949934648875,12.094469250394352,1583.963335500266,11333.0,75.93548387096774,55.0,135.92387096774195,True
artifacts/env/20260802T005155Z-e01_baseline_short_c8.json,/home/user/projects/QwenServe-12G/artifacts/results/e01_baseline_matrix/e01_baseline_short_c8/e01_baseline_short_c8-infqps-concurrency8-Qwen2.5-3B-Instruct-20260802-085342.json,e01_baseline_short_c8,baseline_bf16,2,4b586c6623e9471a6e8350197a023bad6e682473304d4884b95950b43b52c530,191eb169b3ead036934509b780f7e1edc1a271008d5ebb4ad3ee35f1973aa826,128,128,1000.0,50.0,8,100,0,0.0,4.9005485886626845,4.9005485886626845,627.2702193488236,1254.5404386976472,110.4948904999219,116.41361460056032,116.70517681031924,11.522094314963267,12.083605452360958,12.089716925355837,1579.910424100035,11333.0,75.51612903225806,57.0,134.87354838709678,True
artifacts/env/20260802T005155Z-e01_baseline_short_c8.json,/home/user/projects/QwenServe-12G/artifacts/results/e01_baseline_matrix/e01_baseline_short_c8/e01_baseline_short_c8-infqps-concurrency8-Qwen2.5-3B-Instruct-20260802-085444.json,e01_baseline_short_c8,baseline_bf16,3,4b586c6623e9471a6e8350197a023bad6e682473304d4884b95950b43b52c530,191eb169b3ead036934509b780f7e1edc1a271008d5ebb4ad3ee35f1973aa826,128,128,1000.0,50.0,8,100,0,0.0,4.916092454032301,4.916092454032301,629.2598341161346,1258.5196682322692,103.33170950025306,114.32482455052195,114.60210941919286,11.519061027562332,12.039697574802243,12.062064442044484,1576.8392500002847,11333.0,75.74193548387096,54.0,134.04032258064515,True
artifacts/env/20260802T005514Z-e01_baseline_short_c16.json,/home/user/projects/QwenServe-12G/artifacts/results/e01_baseline_matrix/e01_baseline_short_c16/e01_baseline_short_c16-infqps-concurrency16-Qwen2.5-3B-Instruct-20260802-085600.json,e01_baseline_short_c16,baseline_bf16,1,4b586c6623e9471a6e8350197a023bad6e682473304d4884b95950b43b52c530,191eb169b3ead036934509b780f7e1edc1a271008d5ebb4ad3ee35f1973aa826,128,128,1000.0,50.0,16,100,0,0.0,4.929593594384351,0.39436748755074813,630.987980081197,1261.975960162394,1662.9730244999337,1676.6553734994432,1677.6114352696277,11.519250169292388,12.089653301182542,12.093864774092287,3139.9718255006064,11333.0,76.06451612903226,55.0,135.86161290322582,True
artifacts/env/20260802T005514Z-e01_baseline_short_c16.json,/home/user/projects/QwenServe-12G/artifacts/results/e01_baseline_matrix/e01_baseline_short_c16/e01_baseline_short_c16-infqps-concurrency16-Qwen2.5-3B-Instruct-20260802-085701.json,e01_baseline_short_c16,baseline_bf16,2,4b586c6623e9471a6e8350197a023bad6e682473304d4884b95950b43b52c530,191eb169b3ead036934509b780f7e1edc1a271008d5ebb4ad3ee35f1973aa826,128,128,1000.0,50.0,16,100,0,0.0,4.930453026442474,0.3944362421153979,631.0979873846367,1262.1959747692733,1662.315164499887,1673.6979205497846,1674.9452884099446,11.521936122045284,12.090592963778457,12.094681936931254,3139.9141590505224,11333.0,75.48387096774194,57.0,135.03451612903226,True
artifacts/env/20260802T005514Z-e01_baseline_short_c16.json,/home/user/projects/QwenServe-12G/artifacts/results/e01_baseline_matrix/e01_baseline_short_c16/e01_baseline_short_c16-infqps-concurrency16-Qwen2.5-3B-Instruct-20260802-085803.json,e01_baseline_short_c16,baseline_bf16,3,4b586c6623e9471a6e8350197a023bad6e682473304d4884b95950b43b52c530,191eb169b3ead036934509b780f7e1edc1a271008d5ebb4ad3ee35f1973aa826,128,128,1000.0,50.0,16,100,0,0.0,4.923425317135064,0.3938740253708051,630.1984405932882,1260.3968811865764,1663.0311440003425,1693.435303049955,1693.6003331896063,11.520333708660015,12.08831048504259,12.105821968425516,3156.3911036494574,11333.0,75.87096774193549,56.0,133.89612903225805,True
artifacts/env/20260802T005833Z-e01_baseline_medium_c1.json,/home/user/projects/QwenServe-12G/artifacts/results/e01_baseline_matrix/e01_baseline_medium_c1/e01_baseline_medium_c1-infqps-concurrency1-Qwen2.5-3B-Instruct-20260802-090409.json,e01_baseline_medium_c1,baseline_bf16,1,4b586c6623e9471a6e8350197a023bad6e682473304d4884b95950b43b52c530,191eb169b3ead036934509b780f7e1edc1a271008d5ebb4ad3ee35f1973aa826,512,256,1000.0,50.0,1,100,0,0.0,0.35247434619386936,0.35247434619386936,90.23343262563056,270.7002978768916,54.005218999918725,56.81552480032223,60.32409088007626,10.899158049018938,10.960487519412744,11.140618068000334,2848.9616320495315,11335.0,95.61093247588424,63.0,183.75665594855306,True
artifacts/env/20260802T005833Z-e01_baseline_medium_c1.json,/home/user/projects/QwenServe-12G/artifacts/results/e01_baseline_matrix/e01_baseline_medium_c1/e01_baseline_medium_c1-infqps-concurrency1-Qwen2.5-3B-Instruct-20260802-091001.json,e01_baseline_medium_c1,baseline_bf16,2,4b586c6623e9471a6e8350197a023bad6e682473304d4884b95950b43b52c530,191eb169b3ead036934509b780f7e1edc1a271008d5ebb4ad3ee35f1973aa826,512,256,1000.0,50.0,1,100,0,0.0,0.3529184569920014,0.3529184569920014,90.34712498995236,271.0413749698571,53.68241900077919,56.06836429969917,61.56628953030124,10.898722400001063,10.905423659998952,10.912059804743537,2835.837186799563,11321.0,95.67524115755627,62.0,183.4089389067524,True
artifacts/env/20260802T005833Z-e01_baseline_medium_c1.json,/home/user/projects/QwenServe-12G/artifacts/results/e01_baseline_matrix/e01_baseline_medium_c1/e01_baseline_medium_c1-infqps-concurrency1-Qwen2.5-3B-Instruct-20260802-091553.json,e01_baseline_medium_c1,baseline_bf16,3,4b586c6623e9471a6e8350197a023bad6e682473304d4884b95950b43b52c530,191eb169b3ead036934509b780f7e1edc1a271008d5ebb4ad3ee35f1973aa826,512,256,1000.0,50.0,1,100,0,0.0,0.35290828554293036,0.35290828554293036,90.34452109899017,271.0335632969705,53.81071149986383,55.06684709898764,57.24184811984743,10.899613521567018,10.905374089409937,10.910816215294771,2835.716514350952,11321.0,95.61736334405144,58.0,183.44996784565916,True
artifacts/env/20260802T011623Z-e01_baseline_medium_c4.json,/home/user/projects/QwenServe-12G/artifacts/results/e01_baseline_matrix/e01_baseline_medium_c4/e01_baseline_medium_c4-infqps-concurrency4-Qwen2.5-3B-Instruct-20260802-091814.json,e01_baseline_medium_c4,baseline_bf16,1,4b586c6623e9471a6e8350197a023bad6e682473304d4884b95950b43b52c530,191eb169b3ead036934509b780f7e1edc1a271008d5ebb4ad3ee35f1973aa826,512,256,1000.0,50.0,4,100,0,0.0,1.274436421302688,1.274436421302688,326.2557238534881,978.7671715604642,195.71034849923308,197.39328544928867,204.27336880873554,11.5390595274506,12.059334490982735,12.063388739762754,3140.3909361987644,11387.0,90.89473684210526,64.0,155.2642105263158,True
artifacts/env/20260802T011623Z-e01_baseline_medium_c4.json,/home/user/projects/QwenServe-12G/artifacts/results/e01_baseline_matrix/e01_baseline_medium_c4/e01_baseline_medium_c4-infqps-concurrency4-Qwen2.5-3B-Instruct-20260802-092022.json,e01_baseline_medium_c4,baseline_bf16,2,4b586c6623e9471a6e8350197a023bad6e682473304d4884b95950b43b52c530,191eb169b3ead036934509b780f7e1edc1a271008d5ebb4ad3ee35f1973aa826,512,256,1000.0,50.0,4,100,0,0.0,1.271715637518417,1.271715637518417,325.5592032047148,976.6776096141443,195.83699999930104,201.5040605507238,202.3140469900136,11.593646921570395,12.100992940000188,12.14675833168725,3163.2809186002305,11387.0,90.9578947368421,61.0,154.22947368421052,True
artifacts/env/20260802T011623Z-e01_baseline_medium_c4.json,/home/user/projects/QwenServe-12G/artifacts/results/e01_baseline_matrix/e01_baseline_medium_c4/e01_baseline_medium_c4-infqps-concurrency4-Qwen2.5-3B-Instruct-20260802-092230.json,e01_baseline_medium_c4,baseline_bf16,3,4b586c6623e9471a6e8350197a023bad6e682473304d4884b95950b43b52c530,191eb169b3ead036934509b780f7e1edc1a271008d5ebb4ad3ee35f1973aa826,512,256,1000.0,50.0,4,100,0,0.0,1.2735742605151439,1.2735742605151439,326.03501069187683,978.1050320756304,195.47567649988196,201.1396745005186,202.436264119915,11.544533386276111,12.05374583216112,12.056861150584155,3145.911110400448,11459.0,91.03157894736842,64.0,154.45147368421053,True
artifacts/env/20260802T012300Z-e01_baseline_medium_c8.json,/home/user/projects/QwenServe-12G/artifacts/results/e01_baseline_matrix/e01_baseline_medium_c8/e01_baseline_medium_c8-infqps-concurrency8-Qwen2.5-3B-Instruct-20260802-092414.json,e01_baseline_medium_c8,baseline_bf16,1,4b586c6623e9471a6e8350197a023bad6e682473304d4884b95950b43b52c530,191eb169b3ead036934509b780f7e1edc1a271008d5ebb4ad3ee35f1973aa826,512,256,1000.0,50.0,8,100,0,0.0,2.2808057260713905,2.2808057260713905,583.886265874276,1751.658797622828,382.00982499984093,390.82018240014804,391.78220101010083,11.78497554902053,13.025665430196373,13.063420576749623,3400.3207883009964,11647.0,86.39655172413794,64.0,155.08379310344827,True
artifacts/env/20260802T012300Z-e01_baseline_medium_c8.json,/home/user/projects/QwenServe-12G/artifacts/results/e01_baseline_matrix/e01_baseline_medium_c8/e01_baseline_medium_c8-infqps-concurrency8-Qwen2.5-3B-Instruct-20260802-092544.json,e01_baseline_medium_c8,baseline_bf16,2,4b586c6623e9471a6e8350197a023bad6e682473304d4884b95950b43b52c530,191eb169b3ead036934509b780f7e1edc1a271008d5ebb4ad3ee35f1973aa826,512,256,1000.0,50.0,8,100,0,0.0,2.2781601879294944,2.2781601879294944,583.2090081099506,1749.6270243298516,385.71995999973296,389.0041216002828,389.93738221020976,11.803973684315375,13.025354379606856,13.0320068230999,3399.511235600403,11647.0,86.13559322033899,63.0,154.49576271186442,True
artifacts/env/20260802T012300Z-e01_baseline_medium_c8.json,/home/user/projects/QwenServe-12G/artifacts/results/e01_baseline_matrix/e01_baseline_medium_c8/e01_baseline_medium_c8-infqps-concurrency8-Qwen2.5-3B-Instruct-20260802-092715.json,e01_baseline_medium_c8,baseline_bf16,3,4b586c6623e9471a6e8350197a023bad6e682473304d4884b95950b43b52c530,191eb169b3ead036934509b780f7e1edc1a271008d5ebb4ad3ee35f1973aa826,512,256,1000.0,50.0,8,100,0,0.0,2.2785316235526483,2.2785316235526483,583.304095629478,1749.912286888434,384.93317699976615,389.07145080011105,397.1335373090915,11.80337739019973,13.024275047254038,13.031200873375258,3399.898784999823,11647.0,85.83050847457628,64.0,155.03728813559323,True
artifacts/env/20260802T012745Z-e01_baseline_medium_c16.json,/home/user/projects/QwenServe-12G/artifacts/results/e01_baseline_matrix/e01_baseline_medium_c16/e01_baseline_medium_c16-infqps-concurrency16-Qwen2.5-3B-Instruct-20260802-092859.json,e01_baseline_medium_c16,baseline_bf16,1,4b586c6623e9471a6e8350197a023bad6e682473304d4884b95950b43b52c530,191eb169b3ead036934509b780f7e1edc1a271008d5ebb4ad3ee35f1973aa826,512,256,1000.0,50.0,16,100,0,0.0,2.2851079781450636,0.1828086382516051,584.9876424051363,1754.9629272154089,3761.766889499995,3772.679457549202,3773.5583339205004,11.790895090191897,13.028359750001341,13.034081933253594,6778.849366700797,11647.0,86.46551724137932,64.0,155.11224137931035,True
artifacts/env/20260802T012745Z-e01_baseline_medium_c16.json,/home/user/projects/QwenServe-12G/artifacts/results/e01_baseline_matrix/e01_baseline_medium_c16/e01_baseline_medium_c16-infqps-concurrency16-Qwen2.5-3B-Instruct-20260802-093029.json,e01_baseline_medium_c16,baseline_bf16,2,4b586c6623e9471a6e8350197a023bad6e682473304d4884b95950b43b52c530,191eb169b3ead036934509b780f7e1edc1a271008d5ebb4ad3ee35f1973aa826,512,256,1000.0,50.0,16,100,0,0.0,2.285063930822353,0.18280511446578826,584.9763662905224,1754.9290988715672,3761.2139319999187,3776.766793599927,3778.5559291101345,11.79071509019445,13.027885805879087,13.032199115490549,6788.024943599612,11647.0,86.63793103448276,64.0,154.37413793103448,True
artifacts/env/20260802T012745Z-e01_baseline_medium_c16.json,/home/user/projects/QwenServe-12G/artifacts/results/e01_baseline_matrix/e01_baseline_medium_c16/e01_baseline_medium_c16-infqps-concurrency16-Qwen2.5-3B-Instruct-20260802-093159.json,e01_baseline_medium_c16,baseline_bf16,3,4b586c6623e9471a6e8350197a023bad6e682473304d4884b95950b43b52c530,191eb169b3ead036934509b780f7e1edc1a271008d5ebb4ad3ee35f1973aa826,512,256,1000.0,50.0,16,100,0,0.0,2.2851262661071887,0.1828101012885751,584.9923241234403,1754.976972370321,3762.1651935005502,3767.207900050562,3768.1538889108197,11.79351896470525,13.031149312938913,13.035216118079308,6775.217330551095,11647.0,86.56896551724138,64.0,153.9987931034483,True
artifacts/env/20260802T013229Z-e01_baseline_long_c1.json,/home/user/projects/QwenServe-12G/artifacts/results/e01_baseline_matrix/e01_baseline_long_c1/e01_baseline_long_c1-infqps-concurrency1-Qwen2.5-3B-Instruct-20260802-093825.json,e01_baseline_long_c1,baseline_bf16,1,4b586c6623e9471a6e8350197a023bad6e682473304d4884b95950b43b52c530,191eb169b3ead036934509b780f7e1edc1a271008d5ebb4ad3ee35f1973aa826,2048,256,1000.0,50.0,1,100,0,0.0,0.3324351270707186,0.3324351270707186,85.10339253010396,765.9305327709355,204.58788750056556,207.62242894961673,227.16569258944224,10.985830037255559,11.031181178425994,11.124389981409717,3020.2189585495944,11647.0,95.43333333333334,66.0,187.00112121212123,True
artifacts/env/20260802T013229Z-e01_baseline_long_c1.json,/home/user/projects/QwenServe-12G/artifacts/results/e01_baseline_matrix/e01_baseline_long_c1/e01_baseline_long_c1-infqps-concurrency1-Qwen2.5-3B-Instruct-20260802-094436.json,e01_baseline_long_c1,baseline_bf16,2,4b586c6623e9471a6e8350197a023bad6e682473304d4884b95950b43b52c530,191eb169b3ead036934509b780f7e1edc1a271008d5ebb4ad3ee35f1973aa826,2048,256,1000.0,50.0,1,100,0,0.0,0.3326175649074387,0.3326175649074387,85.15009661630431,766.3508695467387,204.48676699925272,205.94608670016896,206.85871748046338,10.986816999998243,10.992670497059816,11.014653202155067,3008.3431870999448,11647.0,95.52727272727273,65.0,186.92824242424243,True
artifacts/env/20260802T013229Z-e01_baseline_long_c1.json,/home/user/projects/QwenServe-12G/artifacts/results/e01_baseline_matrix/e01_baseline_long_c1/e01_baseline_long_c1-infqps-concurrency1-Qwen2.5-3B-Instruct-20260802-095047.json,e01_baseline_long_c1,baseline_bf16,3,4b586c6623e9471a6e8350197a023bad6e682473304d4884b95950b43b52c530,191eb169b3ead036934509b780f7e1edc1a271008d5ebb4ad3ee35f1973aa826,2048,256,1000.0,50.0,1,100,0,0.0,0.3326042034651687,0.3326042034651687,85.1466760870832,766.3200847837487,204.5967970007041,207.57243355019455,209.24041949112507,10.985347766669006,10.995342071180893,11.013905499488935,3009.740493600475,11647.0,95.44545454545455,65.0,187.09833333333333,True
artifacts/env/20260802T015118Z-e01_baseline_long_c4.json,/home/user/projects/QwenServe-12G/artifacts/results/e01_baseline_matrix/e01_baseline_long_c4/e01_baseline_long_c4-infqps-concurrency4-Qwen2.5-3B-Instruct-20260802-095330.json,e01_baseline_long_c4,baseline_bf16,1,4b586c6623e9471a6e8350197a023bad6e682473304d4884b95950b43b52c530,191eb169b3ead036934509b780f7e1edc1a271008d5ebb4ad3ee35f1973aa826,2048,256,1000.0,50.0,4,100,0,0.0,1.0337147777497988,1.0337147777497988,264.6309831039485,2381.678847935537,782.0921435004493,798.1094032499641,847.2782658103824,12.136284633333178,14.29682795862676,14.304766274075517,3892.912305099071,11651.0,91.52631578947368,65.0,167.73622807017543,True
artifacts/env/20260802T015118Z-e01_baseline_long_c4.json,/home/user/projects/QwenServe-12G/artifacts/results/e01_baseline_matrix/e01_baseline_long_c4/e01_baseline_long_c4-infqps-concurrency4-Qwen2.5-3B-Instruct-20260802-095558.json,e01_baseline_long_c4,baseline_bf16,2,4b586c6623e9471a6e8350197a023bad6e682473304d4884b95950b43b52c530,191eb169b3ead036934509b780f7e1edc1a271008d5ebb4ad3ee35f1973aa826,2048,256,1000.0,50.0,4,100,0,0.0,1.034647233233997,1.034647233233997,264.86969170790326,2383.8272253711293,602.5295899989942,796.7914464004934,800.0583466006902,12.789993021571862,14.294148977642536,14.295837530152081,3868.610306550636,11647.0,91.79130434782608,64.0,168.17243478260872,True
artifacts/env/20260802T015118Z-e01_baseline_long_c4.json,/home/user/projects/QwenServe-12G/artifacts/results/e01_baseline_matrix/e01_baseline_long_c4/e01_baseline_long_c4-infqps-concurrency4-Qwen2.5-3B-Instruct-20260802-095827.json,e01_baseline_long_c4,baseline_bf16,3,4b586c6623e9471a6e8350197a023bad6e682473304d4884b95950b43b52c530,191eb169b3ead036934509b780f7e1edc1a271008d5ebb4ad3ee35f1973aa826,2048,256,1000.0,50.0,4,100,0,0.0,1.0344844765177217,1.0344844765177217,264.82802598853675,2383.452233896831,603.1475800000408,801.5910419489956,805.536568110656,12.790415658823537,14.30253512588452,14.305235675689676,3873.220056098671,11647.0,91.71304347826087,64.0,167.43182608695653,True
artifacts/env/20260802T015857Z-e01_baseline_long_c8.json,/home/user/projects/QwenServe-12G/artifacts/results/e01_baseline_matrix/e01_baseline_long_c8/e01_baseline_long_c8-infqps-concurrency8-Qwen2.5-3B-Instruct-20260802-100031.json,e01_baseline_long_c8,baseline_bf16,1,4b586c6623e9471a6e8350197a023bad6e682473304d4884b95950b43b52c530,191eb169b3ead036934509b780f7e1edc1a271008d5ebb4ad3ee35f1973aa826,2048,256,1000.0,50.0,8,100,0,0.0,1.633428986262358,0.8657173627190498,418.1578204831637,3763.420384348473,993.9122495006814,1577.8247809999812,1589.017180739902,14.801548819606051,17.83238953431518,17.857798763060405,4797.89630999976,11675.0,88.36363636363636,64.0,175.57545454545453,True
artifacts/env/20260802T015857Z-e01_baseline_long_c8.json,/home/user/projects/QwenServe-12G/artifacts/results/e01_baseline_matrix/e01_baseline_long_c8/e01_baseline_long_c8-infqps-concurrency8-Qwen2.5-3B-Instruct-20260802-100221.json,e01_baseline_long_c8,baseline_bf16,2,4b586c6623e9471a6e8350197a023bad6e682473304d4884b95950b43b52c530,191eb169b3ead036934509b780f7e1edc1a271008d5ebb4ad3ee35f1973aa826,2048,256,1000.0,50.0,8,100,0,0.0,1.6331438578028405,0.7839090517453635,418.0848275975272,3762.7634483777447,1001.1706109999068,1585.5439185511386,1590.7641627495286,14.817422874508411,17.84446422725523,17.860284042159037,4798.693239500699,11675.0,88.57692307692308,64.0,175.51525641025643,True
artifacts/env/20260802T015857Z-e01_baseline_long_c8.json,/home/user/projects/QwenServe-12G/artifacts/results/e01_baseline_matrix/e01_baseline_long_c8/e01_baseline_long_c8-infqps-concurrency8-Qwen2.5-3B-Instruct-20260802-100411.json,e01_baseline_long_c8,baseline_bf16,3,4b586c6623e9471a6e8350197a023bad6e682473304d4884b95950b43b52c530,191eb169b3ead036934509b780f7e1edc1a271008d5ebb4ad3ee35f1973aa826,2048,256,1000.0,50.0,8,100,0,0.0,1.6333771745002397,0.784021043760115,418.14455667206136,3763.301010048552,1000.9031609997692,1580.82858065045,1585.2062033190487,14.813800599999833,17.83813162137698,17.84762558168458,4783.5843034999925,11675.0,88.43589743589743,64.0,175.32384615384615,True
artifacts/env/20260802T020441Z-e01_baseline_long_c16.json,/home/user/projects/QwenServe-12G/artifacts/results/e01_baseline_matrix/e01_baseline_long_c16/e01_baseline_long_c16-infqps-concurrency16-Qwen2.5-3B-Instruct-20260802-100614.json,e01_baseline_long_c16,baseline_bf16,1,4b586c6623e9471a6e8350197a023bad6e682473304d4884b95950b43b52c530,191eb169b3ead036934509b780f7e1edc1a271008d5ebb4ad3ee35f1973aa826,2048,256,1000.0,50.0,16,100,0,0.0,1.6353443266640664,0.06541377306656265,418.648147626001,3767.833328634009,5574.460637999437,5968.511283701173,6174.950988880465,15.570171398037786,17.8589866545079,17.86782913490235,9553.612589449313,11675.0,89.24675324675324,64.0,176.28311688311686,True
artifacts/env/20260802T020441Z-e01_baseline_long_c16.json,/home/user/projects/QwenServe-12G/artifacts/results/e01_baseline_matrix/e01_baseline_long_c16/e01_baseline_long_c16-infqps-concurrency16-Qwen2.5-3B-Instruct-20260802-100804.json,e01_baseline_long_c16,baseline_bf16,2,4b586c6623e9471a6e8350197a023bad6e682473304d4884b95950b43b52c530,191eb169b3ead036934509b780f7e1edc1a271008d5ebb4ad3ee35f1973aa826,2048,256,1000.0,50.0,16,100,0,0.0,1.6352708974424959,0.06541083589769983,418.62934974527894,3767.6641477075104,5574.899597499098,5968.277404650689,6172.455422190852,15.57432224901776,17.860447421571735,17.864685576353036,9551.231238750279,11675.0,87.76923076923077,64.0,175.39128205128205,True
artifacts/env/20260802T020441Z-e01_baseline_long_c16.json,/home/user/projects/QwenServe-12G/artifacts/results/e01_baseline_matrix/e01_baseline_long_c16/e01_baseline_long_c16-infqps-concurrency16-Qwen2.5-3B-Instruct-20260802-100954.json,e01_baseline_long_c16,baseline_bf16,3,4b586c6623e9471a6e8350197a023bad6e682473304d4884b95950b43b52c530,191eb169b3ead036934509b780f7e1edc1a271008d5ebb4ad3ee35f1973aa826,2048,256,1000.0,50.0,16,100,0,0.0,1.6357397860574976,0.0654295914422999,418.7493852307194,3768.7444670764744,5573.104640499878,5966.722729650428,6172.62335755968,15.566696249020334,17.854081553726015,17.865465784114136,9548.830501300381,11675.0,88.65384615384616,64.0,175.29179487179488,True
