manifest,result_file,profile,server_profile,repetition,benchmark_config_sha256,server_config_sha256,input_len,output_len,slo_ttft_ms,slo_tpot_ms,max_concurrency,completed,failed,error_rate,request_throughput,request_goodput,output_throughput,total_token_throughput,p50_ttft_ms,p95_ttft_ms,p99_ttft_ms,p50_tpot_ms,p95_tpot_ms,p99_tpot_ms,p95_e2el_ms,peak_memory_used_mib,mean_gpu_utilization_percent,max_temperature_c,mean_power_draw_w,mean_sm_clock_mhz,valid
artifacts/env/20260802T041739Z-e02_bt8192_medium_c8.json,/home/user/projects/QwenServe-12G/artifacts/results/e02_batch_tokens/bt8192/e02_bt8192_medium_c8/e02_bt8192_medium_c8-infqps-concurrency8-Qwen2.5-3B-Instruct-20260802-121855.json,e02_bt8192_medium_c8,e02_batch_tokens_8192_bf16,1,06ec499cfc89746e67875adbcec8d36063f37dbe9d8fd280b0ff071d5cb7ab9d,4d50b16e36cf1bfb4161410c097cfb8fad69a859c78682dddf0eea02176ea7d0,512,256,1000.0,50.0,8,100,0,0.0,2.2789176068394745,2.2789176068394745,583.4029073509055,1750.2087220527164,386.1260250014311,391.27199355261837,392.3684731099638,11.802551529420752,13.025872520002475,13.03020135489422,3397.4699477977993,10970.0,86.01694915254237,64.0,155.02457627118645,2835.322033898305,True
artifacts/env/20260802T041739Z-e02_bt8192_medium_c8.json,/home/user/projects/QwenServe-12G/artifacts/results/e02_batch_tokens/bt8192/e02_bt8192_medium_c8/e02_bt8192_medium_c8-infqps-concurrency8-Qwen2.5-3B-Instruct-20260802-122025.json,e02_bt8192_medium_c8,e02_batch_tokens_8192_bf16,2,06ec499cfc89746e67875adbcec8d36063f37dbe9d8fd280b0ff071d5cb7ab9d,4d50b16e36cf1bfb4161410c097cfb8fad69a859c78682dddf0eea02176ea7d0,512,256,1000.0,50.0,8,100,0,0.0,2.281935448180567,2.281935448180567,584.1754747342252,1752.5264242026756,388.6171594986081,390.42118404795474,390.8578612191195,11.77316556863576,13.00447426647046,13.012215599657509,3393.7821249981425,10969.0,86.72881355932203,64.0,154.54728813559325,2838.3728813559323,True
artifacts/env/20260802T041739Z-e02_bt8192_medium_c8.json,/home/user/projects/QwenServe-12G/artifacts/results/e02_batch_tokens/bt8192/e02_bt8192_medium_c8/e02_bt8192_medium_c8-infqps-concurrency8-Qwen2.5-3B-Instruct-20260802-122156.json,e02_bt8192_medium_c8,e02_batch_tokens_8192_bf16,3,06ec499cfc89746e67875adbcec8d36063f37dbe9d8fd280b0ff071d5cb7ab9d,4d50b16e36cf1bfb4161410c097cfb8fad69a859c78682dddf0eea02176ea7d0,512,256,1000.0,50.0,8,100,0,0.0,2.2794664750557185,2.2794664750557185,583.543417614264,1750.630252842792,384.8548789992492,387.1171010499893,387.67481081904407,11.794350449011237,13.016000382350981,13.027551131953706,3403.7861665519813,10969.0,86.42372881355932,64.0,154.70491525423728,2839.3898305084745,True
artifacts/env/20260802T042616Z-e02_bt8192_short_c4.json,/home/user/projects/QwenServe-12G/artifacts/results/e02_batch_tokens/bt8192/e02_bt8192_short_c4/e02_bt8192_short_c4-infqps-concurrency4-Qwen2.5-3B-Instruct-20260802-122722.json,e02_bt8192_short_c4,e02_batch_tokens_8192_bf16,1,06ec499cfc89746e67875adbcec8d36063f37dbe9d8fd280b0ff071d5cb7ab9d,4d50b16e36cf1bfb4161410c097cfb8fad69a859c78682dddf0eea02176ea7d0,128,128,1000.0,50.0,4,100,0,0.0,2.630546074528159,2.630546074528159,336.70989753960436,673.4197950792087,59.58459599969501,69.56283320123475,78.82699980778852,11.479604665366896,11.710495248822612,11.738748955675566,1527.956263751912,11118.0,83.68,61.0,142.63299999999998,2829.08,True
artifacts/env/20260802T042616Z-e02_bt8192_short_c4.json,/home/user/projects/QwenServe-12G/artifacts/results/e02_batch_tokens/bt8192/e02_bt8192_short_c4/e02_bt8192_short_c4-infqps-concurrency4-Qwen2.5-3B-Instruct-20260802-122843.json,e02_bt8192_short_c4,e02_batch_tokens_8192_bf16,2,06ec499cfc89746e67875adbcec8d36063f37dbe9d8fd280b0ff071d5cb7ab9d,4d50b16e36cf1bfb4161410c097cfb8fad69a859c78682dddf0eea02176ea7d0,128,128,1000.0,50.0,4,100,0,0.0,2.6352461502243543,2.6352461502243543,337.31150722871735,674.6230144574347,59.04525000187277,66.62822455091373,69.39733865274322,11.469233669281602,11.70132905079113,11.772265154163398,1525.9358466493723,11118.0,84.18,55.0,139.9062,2840.78,True
artifacts/env/20260802T042616Z-e02_bt8192_short_c4.json,/home/user/projects/QwenServe-12G/artifacts/results/e02_batch_tokens/bt8192/e02_bt8192_short_c4/e02_bt8192_short_c4-infqps-concurrency4-Qwen2.5-3B-Instruct-20260802-123004.json,e02_bt8192_short_c4,e02_batch_tokens_8192_bf16,3,06ec499cfc89746e67875adbcec8d36063f37dbe9d8fd280b0ff071d5cb7ab9d,4d50b16e36cf1bfb4161410c097cfb8fad69a859c78682dddf0eea02176ea7d0,128,128,1000.0,50.0,4,100,0,0.0,2.6330697322760805,2.6330697322760805,337.0329257313383,674.0658514626766,59.01051000000734,77.458815099817,83.48778366842454,11.470778838561882,11.699559457488572,11.80440098284785,1535.6685380495037,11127.0,83.64,58.0,139.9838,2838.08,True
artifacts/env/20260802T043035Z-e02_bt8192_short_c8.json,/home/user/projects/QwenServe-12G/artifacts/results/e02_batch_tokens/bt8192/e02_bt8192_short_c8/e02_bt8192_short_c8-infqps-concurrency8-Qwen2.5-3B-Instruct-20260802-123120.json,e02_bt8192_short_c8,e02_batch_tokens_8192_bf16,1,06ec499cfc89746e67875adbcec8d36063f37dbe9d8fd280b0ff071d5cb7ab9d,4d50b16e36cf1bfb4161410c097cfb8fad69a859c78682dddf0eea02176ea7d0,128,128,1000.0,50.0,8,100,0,0.0,4.907586548038799,4.907586548038799,628.1710781489662,1256.3421562979324,80.20052299980307,110.57630349896499,111.1817651401725,11.534988311028629,12.06712074251307,12.075390529522467,1574.029369501659,11127.0,75.6774193548387,60.0,136.1735483870968,2804.1612903225805,True
artifacts/env/20260802T043035Z-e02_bt8192_short_c8.json,/home/user/projects/QwenServe-12G/artifacts/results/e02_batch_tokens/bt8192/e02_bt8192_short_c8/e02_bt8192_short_c8-infqps-concurrency8-Qwen2.5-3B-Instruct-20260802-123222.json,e02_bt8192_short_c8,e02_batch_tokens_8192_bf16,2,06ec499cfc89746e67875adbcec8d36063f37dbe9d8fd280b0ff071d5cb7ab9d,4d50b16e36cf1bfb4161410c097cfb8fad69a859c78682dddf0eea02176ea7d0,128,128,1000.0,50.0,8,100,0,0.0,4.916236183914243,4.916236183914243,629.2782315410232,1258.5564630820463,102.80470800171315,116.43134049809305,116.51800118139363,11.516769913386248,12.067379086638683,12.082647353616798,1578.8471474999824,11127.0,75.58064516129032,58.0,133.25225806451613,2808.516129032258,True
artifacts/env/20260802T043035Z-e02_bt8192_short_c8.json,/home/user/projects/QwenServe-12G/artifacts/results/e02_batch_tokens/bt8192/e02_bt8192_short_c8/e02_bt8192_short_c8-infqps-concurrency8-Qwen2.5-3B-Instruct-20260802-123324.json,e02_bt8192_short_c8,e02_batch_tokens_8192_bf16,3,06ec499cfc89746e67875adbcec8d36063f37dbe9d8fd280b0ff071d5cb7ab9d,4d50b16e36cf1bfb4161410c097cfb8fad69a859c78682dddf0eea02176ea7d0,128,128,1000.0,50.0,8,100,0,0.0,4.9071804431829715,4.9071804431829715,628.1190967274204,1256.2381934548407,98.52084600061062,111.17774384802033,112.8351048210607,11.594765716542648,12.072808025203718,12.07982625425406,1575.486201050444,11127.0,75.90322580645162,56.0,134.2106451612903,2808.516129032258,True
artifacts/env/20260802T043354Z-e02_bt8192_medium_c4.json,/home/user/projects/QwenServe-12G/artifacts/results/e02_batch_tokens/bt8192/e02_bt8192_medium_c4/e02_bt8192_medium_c4-infqps-concurrency4-Qwen2.5-3B-Instruct-20260802-123546.json,e02_bt8192_medium_c4,e02_batch_tokens_8192_bf16,1,06ec499cfc89746e67875adbcec8d36063f37dbe9d8fd280b0ff071d5cb7ab9d,4d50b16e36cf1bfb4161410c097cfb8fad69a859c78682dddf0eea02176ea7d0,512,256,1000.0,50.0,4,100,0,0.0,1.272075538487201,1.272075538487201,325.65133785272343,976.9540135581703,194.66288500007067,203.75198959900445,205.0011147695478,11.593497268632728,12.053263235683714,12.056674533018011,3152.6130747019124,11127.0,90.85106382978724,64.0,154.59808510638297,2858.340425531915,True
artifacts/env/20260802T043354Z-e02_bt8192_medium_c4.json,/home/user/projects/QwenServe-12G/artifacts/results/e02_batch_tokens/bt8192/e02_bt8192_medium_c4/e02_bt8192_medium_c4-infqps-concurrency4-Qwen2.5-3B-Instruct-20260802-123754.json,e02_bt8192_medium_c4,e02_batch_tokens_8192_bf16,2,06ec499cfc89746e67875adbcec8d36063f37dbe9d8fd280b0ff071d5cb7ab9d,4d50b16e36cf1bfb4161410c097cfb8fad69a859c78682dddf0eea02176ea7d0,512,256,1000.0,50.0,4,100,0,0.0,1.27363364395101,1.27363364395101,326.0502128514586,978.1506385543759,195.3199899980973,199.22029454992298,200.008282108829,11.550466272548839,12.071830848042595,12.07739524313094,3147.966357599762,11127.0,90.87368421052632,64.0,154.4456842105263,2854.936842105263,True
artifacts/env/20260802T043354Z-e02_bt8192_medium_c4.json,/home/user/projects/QwenServe-12G/artifacts/results/e02_batch_tokens/bt8192/e02_bt8192_medium_c4/e02_bt8192_medium_c4-infqps-concurrency4-Qwen2.5-3B-Instruct-20260802-124002.json,e02_bt8192_medium_c4,e02_batch_tokens_8192_bf16,3,06ec499cfc89746e67875adbcec8d36063f37dbe9d8fd280b0ff071d5cb7ab9d,4d50b16e36cf1bfb4161410c097cfb8fad69a859c78682dddf0eea02176ea7d0,512,256,1000.0,50.0,4,100,0,0.0,1.2730841258717398,1.2730841258717398,325.9095362231654,977.7286086694961,194.76805700105615,200.79181660112226,202.413161869772,11.558691925493608,12.048374214308769,12.056735162043575,3146.9345033470745,11127.0,90.93684210526315,64.0,154.54631578947368,2857.1473684210528,True
artifacts/env/20260802T044032Z-e02_bt8192_long_c4.json,/home/user/projects/QwenServe-12G/artifacts/results/e02_batch_tokens/bt8192/e02_bt8192_long_c4/e02_bt8192_long_c4-infqps-concurrency4-Qwen2.5-3B-Instruct-20260802-124244.json,e02_bt8192_long_c4,e02_batch_tokens_8192_bf16,1,06ec499cfc89746e67875adbcec8d36063f37dbe9d8fd280b0ff071d5cb7ab9d,4d50b16e36cf1bfb4161410c097cfb8fad69a859c78682dddf0eea02176ea7d0,2048,256,1000.0,50.0,4,100,0,0.0,1.0356028179802697,1.0356028179802697,265.11432140294903,2386.028892626541,602.30525049883,794.9270862985941,803.51697286751,12.77151161961157,14.284518942547626,14.296130524115213,3869.37332139878,11301.0,91.57894736842105,65.0,168.1719298245614,2849.964912280702,True
artifacts/env/20260802T044032Z-e02_bt8192_long_c4.json,/home/user/projects/QwenServe-12G/artifacts/results/e02_batch_tokens/bt8192/e02_bt8192_long_c4/e02_bt8192_long_c4-infqps-concurrency4-Qwen2.5-3B-Instruct-20260802-124512.json,e02_bt8192_long_c4,e02_batch_tokens_8192_bf16,2,06ec499cfc89746e67875adbcec8d36063f37dbe9d8fd280b0ff071d5cb7ab9d,4d50b16e36cf1bfb4161410c097cfb8fad69a859c78682dddf0eea02176ea7d0,2048,256,1000.0,50.0,4,100,0,0.0,1.0357192912431423,1.0357192912431423,265.14413855824444,2386.2972470242,601.984259999881,797.5381734522671,806.0928656514808,12.766729017647437,14.27823319569,14.293190358386244,3869.416236751931,11561.0,91.75652173913043,65.0,167.86704347826085,2851.1391304347826,True
artifacts/env/20260802T044032Z-e02_bt8192_long_c4.json,/home/user/projects/QwenServe-12G/artifacts/results/e02_batch_tokens/bt8192/e02_bt8192_long_c4/e02_bt8192_long_c4-infqps-concurrency4-Qwen2.5-3B-Instruct-20260802-124741.json,e02_bt8192_long_c4,e02_batch_tokens_8192_bf16,3,06ec499cfc89746e67875adbcec8d36063f37dbe9d8fd280b0ff071d5cb7ab9d,4d50b16e36cf1bfb4161410c097cfb8fad69a859c78682dddf0eea02176ea7d0,2048,256,1000.0,50.0,4,100,0,0.0,1.0355846326504594,1.0355846326504594,265.1096659585176,2385.9869936266587,783.5558705010044,794.7082020493326,797.4919709084861,12.068948319603235,14.283716847841038,14.29062462993441,3865.434095249293,11561.0,91.72173913043478,65.0,167.2251304347826,2851.6608695652176,True
artifacts/env/20260802T044811Z-e02_bt8192_long_c8.json,/home/user/projects/QwenServe-12G/artifacts/results/e02_batch_tokens/bt8192/e02_bt8192_long_c8/e02_bt8192_long_c8-infqps-concurrency8-Qwen2.5-3B-Instruct-20260802-124945.json,e02_bt8192_long_c8,e02_batch_tokens_8192_bf16,1,06ec499cfc89746e67875adbcec8d36063f37dbe9d8fd280b0ff071d5cb7ab9d,4d50b16e36cf1bfb4161410c097cfb8fad69a859c78682dddf0eea02176ea7d0,2048,256,1000.0,50.0,8,100,0,0.0,1.6345808624624136,0.7519071967327102,418.4527007903779,3766.074307113401,1000.1730794992909,1583.5572862491972,1589.8478724100278,14.794519892151868,17.8260210639279,17.84787126973699,4784.727154148277,11682.0,87.73076923076923,64.0,175.41256410256412,2835.3333333333335,True
artifacts/env/20260802T044811Z-e02_bt8192_long_c8.json,/home/user/projects/QwenServe-12G/artifacts/results/e02_batch_tokens/bt8192/e02_bt8192_long_c8/e02_bt8192_long_c8-infqps-concurrency8-Qwen2.5-3B-Instruct-20260802-125135.json,e02_bt8192_long_c8,e02_batch_tokens_8192_bf16,2,06ec499cfc89746e67875adbcec8d36063f37dbe9d8fd280b0ff071d5cb7ab9d,4d50b16e36cf1bfb4161410c097cfb8fad69a859c78682dddf0eea02176ea7d0,2048,256,1000.0,50.0,8,100,0,0.0,1.6334991533531031,0.5880596952071171,418.1757832583944,3763.5820493255496,1003.1335269995907,1399.8169490501823,1592.2711285877813,14.059795737250846,17.823535879609814,17.910557303296326,4802.074712048852,11682.0,88.53246753246754,64.0,175.34467532467534,2834.753246753247,True
artifacts/env/20260802T044811Z-e02_bt8192_long_c8.json,/home/user/projects/QwenServe-12G/artifacts/results/e02_batch_tokens/bt8192/e02_bt8192_long_c8/e02_bt8192_long_c8-infqps-concurrency8-Qwen2.5-3B-Instruct-20260802-125326.json,e02_bt8192_long_c8,e02_batch_tokens_8192_bf16,3,06ec499cfc89746e67875adbcec8d36063f37dbe9d8fd280b0ff071d5cb7ab9d,4d50b16e36cf1bfb4161410c097cfb8fad69a859c78682dddf0eea02176ea7d0,2048,256,1000.0,50.0,8,100,0,0.0,1.6278165263011304,0.4883449578903391,416.7210307330894,3750.4892765978043,1002.9403695007204,1583.65043749709,1584.8765961913887,14.797333921566914,17.841757494505003,18.059344538471233,4940.777033550876,11682.0,88.78205128205128,64.0,174.6896153846154,2834.1794871794873,True
artifacts/env/20260802T050323Z-e02_bt2048_medium_c8.json,/home/user/projects/QwenServe-12G/artifacts/results/e02_batch_tokens/bt2048/e02_bt2048_medium_c8/e02_bt2048_medium_c8-infqps-concurrency8-Qwen2.5-3B-Instruct-20260802-130438.json,e02_bt2048_medium_c8,e02_batch_tokens_2048_bf16,1,da8a63d57f8437b82b3a8f45e6769e63959cb5754ee023298d74207370e4135f,5f49bc24622e954505411fd4944e79e25c1ba1c80a8710c79b69c551e4015163,512,256,1000.0,50.0,8,100,0,0.0,2.275429263372268,2.275429263372268,582.5098914233006,1747.5296742699018,250.30434300060733,391.4743596007611,396.166164979295,11.987490676470129,13.025898126275113,13.030929464894216,3402.8004122987113,10806.0,85.98305084745763,65.0,156.32186440677967,2832.0169491525426,True
artifacts/env/20260802T050323Z-e02_bt2048_medium_c8.json,/home/user/projects/QwenServe-12G/artifacts/results/e02_batch_tokens/bt2048/e02_bt2048_medium_c8/e02_bt2048_medium_c8-infqps-concurrency8-Qwen2.5-3B-Instruct-20260802-130609.json,e02_bt2048_medium_c8,e02_batch_tokens_2048_bf16,2,da8a63d57f8437b82b3a8f45e6769e63959cb5754ee023298d74207370e4135f,5f49bc24622e954505411fd4944e79e25c1ba1c80a8710c79b69c551e4015163,512,256,1000.0,50.0,8,100,0,0.0,2.2762368033422904,2.2762368033422904,582.7166216556263,1748.149864966879,244.93183350023173,380.21209100170375,391.02354434056906,11.996531039211035,13.019840391576759,13.029017202904665,3403.204771251694,10806.0,86.35593220338983,63.0,154.53355932203388,2838.3728813559323,True
artifacts/env/20260802T050323Z-e02_bt2048_medium_c8.json,/home/user/projects/QwenServe-12G/artifacts/results/e02_batch_tokens/bt2048/e02_bt2048_medium_c8/e02_bt2048_medium_c8-infqps-concurrency8-Qwen2.5-3B-Instruct-20260802-130739.json,e02_bt2048_medium_c8,e02_batch_tokens_2048_bf16,3,da8a63d57f8437b82b3a8f45e6769e63959cb5754ee023298d74207370e4135f,5f49bc24622e954505411fd4944e79e25c1ba1c80a8710c79b69c551e4015163,512,256,1000.0,50.0,8,100,0,0.0,2.2762248860024648,2.2762248860024648,582.713570816631,1748.1407124498928,245.1386860011553,381.341911299387,390.719760230495,11.996689631375963,13.020956180977615,13.029370978043481,3403.0474960502033,10806.0,84.7457627118644,63.0,155.0683050847458,2831.8813559322034,True
artifacts/env/20260802T050957Z-e02_bt2048_short_c4.json,/home/user/projects/QwenServe-12G/artifacts/results/e02_batch_tokens/bt2048/e02_bt2048_short_c4/e02_bt2048_short_c4-infqps-concurrency4-Qwen2.5-3B-Instruct-20260802-131103.json,e02_bt2048_short_c4,e02_batch_tokens_2048_bf16,1,da8a63d57f8437b82b3a8f45e6769e63959cb5754ee023298d74207370e4135f,5f49bc24622e954505411fd4944e79e25c1ba1c80a8710c79b69c551e4015163,128,128,1000.0,50.0,4,100,0,0.0,2.6326230775493684,2.6326230775493684,336.97575392631916,673.9515078526383,59.263324499625014,69.74054349993821,79.53080499723,11.484493555123098,11.677591616536642,11.680882026534896,1528.3950013481444,10804.0,83.4,60.0,142.00799999999998,2830.28,True
artifacts/env/20260802T050957Z-e02_bt2048_short_c4.json,/home/user/projects/QwenServe-12G/artifacts/results/e02_batch_tokens/bt2048/e02_bt2048_short_c4/e02_bt2048_short_c4-infqps-concurrency4-Qwen2.5-3B-Instruct-20260802-131224.json,e02_bt2048_short_c4,e02_batch_tokens_2048_bf16,2,da8a63d57f8437b82b3a8f45e6769e63959cb5754ee023298d74207370e4135f,5f49bc24622e954505411fd4944e79e25c1ba1c80a8710c79b69c551e4015163,128,128,1000.0,50.0,4,100,0,0.0,2.634363856106795,2.634363856106795,337.19857358166973,674.3971471633395,58.98602299748745,71.53500199856353,82.09156973043719,11.473061342530139,11.669845351951968,11.675092741960418,1525.8280465486678,10804.0,84.0,57.0,140.1748,2839.88,True
artifacts/env/20260802T050957Z-e02_bt2048_short_c4.json,/home/user/projects/QwenServe-12G/artifacts/results/e02_batch_tokens/bt2048/e02_bt2048_short_c4/e02_bt2048_short_c4-infqps-concurrency4-Qwen2.5-3B-Instruct-20260802-131345.json,e02_bt2048_short_c4,e02_batch_tokens_2048_bf16,3,da8a63d57f8437b82b3a8f45e6769e63959cb5754ee023298d74207370e4135f,5f49bc24622e954505411fd4944e79e25c1ba1c80a8710c79b69c551e4015163,128,128,1000.0,50.0,4,100,0,0.0,2.635137330165312,2.635137330165312,337.2975782611599,674.5951565223198,58.97196099977009,73.36827045091923,80.08611881017714,11.471767425185915,11.668417233843462,11.672616414800832,1529.9555575011254,10804.0,82.92,56.0,140.2022,2834.48,True
artifacts/env/20260802T051415Z-e02_bt2048_short_c8.json,/home/user/projects/QwenServe-12G/artifacts/results/e02_batch_tokens/bt2048/e02_bt2048_short_c8/e02_bt2048_short_c8-infqps-concurrency8-Qwen2.5-3B-Instruct-20260802-131501.json,e02_bt2048_short_c8,e02_batch_tokens_2048_bf16,1,da8a63d57f8437b82b3a8f45e6769e63959cb5754ee023298d74207370e4135f,5f49bc24622e954505411fd4944e79e25c1ba1c80a8710c79b69c551e4015163,128,128,1000.0,50.0,8,100,0,0.0,4.889962561234534,4.889962561234534,625.9152078380204,1251.8304156760407,95.23665800043091,111.31660479986749,121.21432613042998,11.667830681111036,12.07182451100924,12.077562406533774,1582.2070676484145,10804.0,75.87096774193549,53.0,135.60967741935482,2806.0967741935483,True
artifacts/env/20260802T051415Z-e02_bt2048_short_c8.json,/home/user/projects/QwenServe-12G/artifacts/results/e02_batch_tokens/bt2048/e02_bt2048_short_c8/e02_bt2048_short_c8-infqps-concurrency8-Qwen2.5-3B-Instruct-20260802-131603.json,e02_bt2048_short_c8,e02_batch_tokens_2048_bf16,2,da8a63d57f8437b82b3a8f45e6769e63959cb5754ee023298d74207370e4135f,5f49bc24622e954505411fd4944e79e25c1ba1c80a8710c79b69c551e4015163,128,128,1000.0,50.0,8,100,0,0.0,4.918371884679876,4.918371884679876,629.5516012390241,1259.1032024780482,102.77733050133975,114.68130130288046,114.91266950026329,11.516750307101022,12.028114437382861,12.04292214370529,1577.8425591019186,10804.0,76.09677419354838,57.0,133.71,2808.032258064516,True
artifacts/env/20260802T051415Z-e02_bt2048_short_c8.json,/home/user/projects/QwenServe-12G/artifacts/results/e02_batch_tokens/bt2048/e02_bt2048_short_c8/e02_bt2048_short_c8-infqps-concurrency8-Qwen2.5-3B-Instruct-20260802-131705.json,e02_bt2048_short_c8,e02_batch_tokens_2048_bf16,3,da8a63d57f8437b82b3a8f45e6769e63959cb5754ee023298d74207370e4135f,5f49bc24622e954505411fd4944e79e25c1ba1c80a8710c79b69c551e4015163,128,128,1000.0,50.0,8,100,0,0.0,4.909258480309519,4.909258480309519,628.3850854796184,1256.7701709592368,103.31572650102316,120.87679969827148,121.76190259942814,11.515139232268286,12.033870453926758,12.055112105108421,1583.6212150501524,10804.0,75.70967741935483,59.0,133.84548387096774,2801.7419354838707,True
artifacts/env/20260802T051735Z-e02_bt2048_medium_c4.json,/home/user/projects/QwenServe-12G/artifacts/results/e02_batch_tokens/bt2048/e02_bt2048_medium_c4/e02_bt2048_medium_c4-infqps-concurrency4-Qwen2.5-3B-Instruct-20260802-131926.json,e02_bt2048_medium_c4,e02_batch_tokens_2048_bf16,1,da8a63d57f8437b82b3a8f45e6769e63959cb5754ee023298d74207370e4135f,5f49bc24622e954505411fd4944e79e25c1ba1c80a8710c79b69c551e4015163,512,256,1000.0,50.0,4,100,0,0.0,1.275031433860291,1.275031433860291,326.4080470682345,979.2241412047035,195.39887599967187,197.35825049847335,204.5697850108263,11.536399633334048,12.056520446269275,12.061028158663962,3139.770886549559,10804.0,90.12631578947368,63.0,154.38284210526317,2859.9894736842107,True
artifacts/env/20260802T051735Z-e02_bt2048_medium_c4.json,/home/user/projects/QwenServe-12G/artifacts/results/e02_batch_tokens/bt2048/e02_bt2048_medium_c4/e02_bt2048_medium_c4-infqps-concurrency4-Qwen2.5-3B-Instruct-20260802-132134.json,e02_bt2048_medium_c4,e02_batch_tokens_2048_bf16,2,da8a63d57f8437b82b3a8f45e6769e63959cb5754ee023298d74207370e4135f,5f49bc24622e954505411fd4944e79e25c1ba1c80a8710c79b69c551e4015163,512,256,1000.0,50.0,4,100,0,0.0,1.2706411364359116,1.2706411364359116,325.28413092759337,975.8523927827802,158.47265900083585,202.79222655044578,203.80420325102025,11.708063203917062,12.06417359059189,12.119114470544732,3166.703110750859,10804.0,90.21052631578948,61.0,154.4284210526316,2852.1684210526314,True
artifacts/env/20260802T051735Z-e02_bt2048_medium_c4.json,/home/user/projects/QwenServe-12G/artifacts/results/e02_batch_tokens/bt2048/e02_bt2048_medium_c4/e02_bt2048_medium_c4-infqps-concurrency4-Qwen2.5-3B-Instruct-20260802-132342.json,e02_bt2048_medium_c4,e02_batch_tokens_2048_bf16,3,da8a63d57f8437b82b3a8f45e6769e63959cb5754ee023298d74207370e4135f,5f49bc24622e954505411fd4944e79e25c1ba1c80a8710c79b69c551e4015163,512,256,1000.0,50.0,4,100,0,0.0,1.2722290734384192,1.2722290734384192,325.6906428002353,977.0719284007059,160.00180100127182,200.78388354977506,201.33346736060048,11.706160215680047,12.069571841564217,12.094056282823479,3146.9832225482605,10807.0,90.74736842105263,63.0,154.54757894736844,2858.2526315789473,True
artifacts/env/20260802T052413Z-e02_bt2048_long_c4.json,/home/user/projects/QwenServe-12G/artifacts/results/e02_batch_tokens/bt2048/e02_bt2048_long_c4/e02_bt2048_long_c4-infqps-concurrency4-Qwen2.5-3B-Instruct-20260802-132625.json,e02_bt2048_long_c4,e02_batch_tokens_2048_bf16,1,da8a63d57f8437b82b3a8f45e6769e63959cb5754ee023298d74207370e4135f,5f49bc24622e954505411fd4944e79e25c1ba1c80a8710c79b69c551e4015163,2048,256,1000.0,50.0,4,100,0,0.0,1.0342101523470575,1.0342101523470575,264.7577990008467,2382.8201910076205,607.0972195011564,792.6593644006061,800.3390111511909,12.780412809811157,13.570786721968886,14.244608625250454,3869.9836203501036,10803.0,91.52631578947368,64.0,168.4778947368421,2849.8333333333335,True
artifacts/env/20260802T052413Z-e02_bt2048_long_c4.json,/home/user/projects/QwenServe-12G/artifacts/results/e02_batch_tokens/bt2048/e02_bt2048_long_c4/e02_bt2048_long_c4-infqps-concurrency4-Qwen2.5-3B-Instruct-20260802-132854.json,e02_bt2048_long_c4,e02_batch_tokens_2048_bf16,2,da8a63d57f8437b82b3a8f45e6769e63959cb5754ee023298d74207370e4135f,5f49bc24622e954505411fd4944e79e25c1ba1c80a8710c79b69c551e4015163,2048,256,1000.0,50.0,4,100,0,0.0,1.0337252705142999,1.0337252705142999,264.63366925166076,2381.703023264947,608.1819909995829,611.2111572003414,801.2364452483599,12.78651475686096,14.249463140403547,14.252500734705986,3872.325597697454,10803.0,91.0,65.0,167.88356521739132,2850.7478260869566,True
artifacts/env/20260802T052413Z-e02_bt2048_long_c4.json,/home/user/projects/QwenServe-12G/artifacts/results/e02_batch_tokens/bt2048/e02_bt2048_long_c4/e02_bt2048_long_c4-infqps-concurrency4-Qwen2.5-3B-Instruct-20260802-133122.json,e02_bt2048_long_c4,e02_batch_tokens_2048_bf16,3,da8a63d57f8437b82b3a8f45e6769e63959cb5754ee023298d74207370e4135f,5f49bc24622e954505411fd4944e79e25c1ba1c80a8710c79b69c551e4015163,2048,256,1000.0,50.0,4,100,0,0.0,1.0335820748426534,1.0335820748426534,264.5970111597193,2381.373100437473,607.8310050015716,626.170229452327,800.2914736405002,12.790523186277806,14.254147169802522,14.263973890027795,3875.684484300473,10803.0,90.81739130434782,65.0,167.85643478260872,2850.095652173913,True
artifacts/env/20260802T053153Z-e02_bt2048_long_c8.json,/home/user/projects/QwenServe-12G/artifacts/results/e02_batch_tokens/bt2048/e02_bt2048_long_c8/e02_bt2048_long_c8-infqps-concurrency8-Qwen2.5-3B-Instruct-20260802-133326.json,e02_bt2048_long_c8,e02_batch_tokens_2048_bf16,1,da8a63d57f8437b82b3a8f45e6769e63959cb5754ee023298d74207370e4135f,5f49bc24622e954505411fd4944e79e25c1ba1c80a8710c79b69c551e4015163,2048,256,1000.0,50.0,8,100,0,0.0,1.6370015651080365,1.5060414398993935,419.07240066765735,3771.651606008916,807.1363755007042,1005.2442524502112,1609.1962891714502,15.528452849021585,17.01505421196891,17.04872852380176,4962.724567251644,10803.0,88.6103896103896,64.0,175.98,2832.6103896103896,True
artifacts/env/20260802T053153Z-e02_bt2048_long_c8.json,/home/user/projects/QwenServe-12G/artifacts/results/e02_batch_tokens/bt2048/e02_bt2048_long_c8/e02_bt2048_long_c8-infqps-concurrency8-Qwen2.5-3B-Instruct-20260802-133516.json,e02_bt2048_long_c8,e02_batch_tokens_2048_bf16,2,da8a63d57f8437b82b3a8f45e6769e63959cb5754ee023298d74207370e4135f,5f49bc24622e954505411fd4944e79e25c1ba1c80a8710c79b69c551e4015163,2048,256,1000.0,50.0,8,100,0,0.0,1.635774183584097,1.5539854744048922,418.75819099752886,3768.8237189777597,715.0321555000119,827.5318613970735,1608.2871456113207,15.54975045294793,17.75464841077979,17.76285640581359,4946.700481750122,10804.0,88.06493506493507,64.0,176.4216883116883,2833.779220779221,True
artifacts/env/20260802T053153Z-e02_bt2048_long_c8.json,/home/user/projects/QwenServe-12G/artifacts/results/e02_batch_tokens/bt2048/e02_bt2048_long_c8/e02_bt2048_long_c8-infqps-concurrency8-Qwen2.5-3B-Instruct-20260802-133707.json,e02_bt2048_long_c8,e02_batch_tokens_2048_bf16,3,da8a63d57f8437b82b3a8f45e6769e63959cb5754ee023298d74207370e4135f,5f49bc24622e954505411fd4944e79e25c1ba1c80a8710c79b69c551e4015163,2048,256,1000.0,50.0,8,100,0,0.0,1.6353464352588767,1.553579113495933,418.64868742627243,3767.838186836452,715.2755079987401,822.4313535511095,1612.4547103908847,15.561616447060562,17.757695751569567,17.774554800285127,4948.437642800673,10803.0,87.61538461538461,64.0,174.75064102564102,2835.3333333333335,True
artifacts/env/20260819T171212Z-e02_bt4096_medium_c8.json,/home/user/projects/QwenServe-12G/artifacts/results/e02_batch_tokens/bt4096/e02_bt4096_medium_c8/e02_bt4096_medium_c8-infqps-concurrency8-Qwen2.5-3B-Instruct-20260820-011327.json,e02_bt4096_medium_c8,e02_batch_tokens_4096_bf16,1,17525af27771bcb3bc2d36d2dd9701ce4473f6255f88f0002631d36ab19095a9,51e73a5187bf965b0537c5defe7acb050e43d4cdecd3a5290646bcbde62c4090,512,256,1000.0,50.0,8,100,0,0.0,2.2428333398796543,2.2428333398796543,574.1653350091915,1722.4960050275745,385.43641550000984,391.48754174999283,401.2910120200371,12.004919035294114,13.253482588627287,13.259671156941062,3456.395392500025,11231.0,85.05,68.0,151.41716666666667,2835.8166666666666,True
artifacts/env/20260819T171212Z-e02_bt4096_medium_c8.json,/home/user/projects/QwenServe-12G/artifacts/results/e02_batch_tokens/bt4096/e02_bt4096_medium_c8/e02_bt4096_medium_c8-infqps-concurrency8-Qwen2.5-3B-Instruct-20260820-011459.json,e02_bt4096_medium_c8,e02_batch_tokens_4096_bf16,2,17525af27771bcb3bc2d36d2dd9701ce4473f6255f88f0002631d36ab19095a9,51e73a5187bf965b0537c5defe7acb050e43d4cdecd3a5290646bcbde62c4090,512,256,1000.0,50.0,8,100,0,0.0,2.241228733543068,2.241228733543068,573.7545557870254,1721.2636673610764,344.94093050000174,392.41112849993556,399.29787164002505,12.183580268627374,13.255543037647277,13.261998120901945,3470.338131850019,11231.0,85.1,68.0,150.25283333333334,2828.1833333333334,True
artifacts/env/20260819T171212Z-e02_bt4096_medium_c8.json,/home/user/projects/QwenServe-12G/artifacts/results/e02_batch_tokens/bt4096/e02_bt4096_medium_c8/e02_bt4096_medium_c8-infqps-concurrency8-Qwen2.5-3B-Instruct-20260820-011631.json,e02_bt4096_medium_c8,e02_batch_tokens_4096_bf16,3,17525af27771bcb3bc2d36d2dd9701ce4473f6255f88f0002631d36ab19095a9,51e73a5187bf965b0537c5defe7acb050e43d4cdecd3a5290646bcbde62c4090,512,256,1000.0,50.0,8,100,0,0.0,2.244976055101559,2.244976055101559,574.7138701059991,1724.1416103179974,383.9858214999481,391.23260995003193,392.4116657500065,12.003089958823374,13.26334282568603,13.266852374666934,3450.1033303499753,11231.0,86.0,68.0,151.5665,2830.5666666666666,True
artifacts/env/20260819T171932Z-e02_bt4096_short_c4.json,/home/user/projects/QwenServe-12G/artifacts/results/e02_batch_tokens/bt4096/e02_bt4096_short_c4/e02_bt4096_short_c4-infqps-concurrency4-Qwen2.5-3B-Instruct-20260820-012038.json,e02_bt4096_short_c4,e02_batch_tokens_4096_bf16,1,17525af27771bcb3bc2d36d2dd9701ce4473f6255f88f0002631d36ab19095a9,51e73a5187bf965b0537c5defe7acb050e43d4cdecd3a5290646bcbde62c4090,128,128,1000.0,50.0,4,100,0,0.0,2.592020898124118,2.592020898124118,331.7786749598871,663.5573499197742,58.99520200000552,64.29822560001526,83.33956212997123,11.675142728346435,11.874407959841818,11.882295001102646,1546.6901773500695,11235.0,84.14,60.0,138.879,2828.18,True
artifacts/env/20260819T171932Z-e02_bt4096_short_c4.json,/home/user/projects/QwenServe-12G/artifacts/results/e02_batch_tokens/bt4096/e02_bt4096_short_c4/e02_bt4096_short_c4-infqps-concurrency4-Qwen2.5-3B-Instruct-20260820-012200.json,e02_bt4096_short_c4,e02_batch_tokens_4096_bf16,2,17525af27771bcb3bc2d36d2dd9701ce4473f6255f88f0002631d36ab19095a9,51e73a5187bf965b0537c5defe7acb050e43d4cdecd3a5290646bcbde62c4090,128,128,1000.0,50.0,4,100,0,0.0,2.590215403737066,2.590215403737066,331.54757167834447,663.0951433566889,59.31699350003328,72.3561720000248,73.14102673000889,11.673554602361587,11.874941512204613,11.883526181969629,1555.829185450085,11237.0,82.88235294117646,63.0,137.02039215686275,2821.6862745098038,True
artifacts/env/20260819T171932Z-e02_bt4096_short_c4.json,/home/user/projects/QwenServe-12G/artifacts/results/e02_batch_tokens/bt4096/e02_bt4096_short_c4/e02_bt4096_short_c4-infqps-concurrency4-Qwen2.5-3B-Instruct-20260820-012322.json,e02_bt4096_short_c4,e02_batch_tokens_4096_bf16,3,17525af27771bcb3bc2d36d2dd9701ce4473f6255f88f0002631d36ab19095a9,51e73a5187bf965b0537c5defe7acb050e43d4cdecd3a5290646bcbde62c4090,128,128,1000.0,50.0,4,100,0,0.0,2.5913411170209053,2.5913411170209053,331.6916629786759,663.3833259573518,59.0385119999155,73.1760307000286,83.2015003301808,11.674274381890628,11.874946987796113,11.886772599213195,1555.290500000126,11237.0,82.76470588235294,61.0,136.95333333333332,2828.0196078431372,True
artifacts/env/20260819T172352Z-e02_bt4096_short_c8.json,/home/user/projects/QwenServe-12G/artifacts/results/e02_batch_tokens/bt4096/e02_bt4096_short_c8/e02_bt4096_short_c8-infqps-concurrency8-Qwen2.5-3B-Instruct-20260820-012438.json,e02_bt4096_short_c8,e02_batch_tokens_4096_bf16,1,17525af27771bcb3bc2d36d2dd9701ce4473f6255f88f0002631d36ab19095a9,51e73a5187bf965b0537c5defe7acb050e43d4cdecd3a5290646bcbde62c4090,128,128,1000.0,50.0,8,100,0,0.0,4.81139033814248,4.81139033814248,615.8579632822374,1231.7159265644748,105.02474150007401,114.91668294986539,115.55245816005254,11.792774401574814,12.285339281889115,12.308319549762452,1616.6451954500985,11237.0,75.12903225806451,62.0,132.44354838709677,2797.3870967741937,True
artifacts/env/20260819T172352Z-e02_bt4096_short_c8.json,/home/user/projects/QwenServe-12G/artifacts/results/e02_batch_tokens/bt4096/e02_bt4096_short_c8/e02_bt4096_short_c8-infqps-concurrency8-Qwen2.5-3B-Instruct-20260820-012541.json,e02_bt4096_short_c8,e02_batch_tokens_4096_bf16,2,17525af27771bcb3bc2d36d2dd9701ce4473f6255f88f0002631d36ab19095a9,51e73a5187bf965b0537c5defe7acb050e43d4cdecd3a5290646bcbde62c4090,128,128,1000.0,50.0,8,100,0,0.0,4.827516134134886,4.827516134134886,617.9220651692654,1235.8441303385307,103.82983949989466,124.39550725006256,124.73152512995739,11.722643027559476,12.249742238189295,12.260842138425417,1612.9763963999835,11237.0,76.125,57.0,131.1815625,2799.96875,True
artifacts/env/20260819T172352Z-e02_bt4096_short_c8.json,/home/user/projects/QwenServe-12G/artifacts/results/e02_batch_tokens/bt4096/e02_bt4096_short_c8/e02_bt4096_short_c8-infqps-concurrency8-Qwen2.5-3B-Instruct-20260820-012643.json,e02_bt4096_short_c8,e02_batch_tokens_4096_bf16,3,17525af27771bcb3bc2d36d2dd9701ce4473f6255f88f0002631d36ab19095a9,51e73a5187bf965b0537c5defe7acb050e43d4cdecd3a5290646bcbde62c4090,128,128,1000.0,50.0,8,100,0,0.0,4.817244387079317,4.817244387079317,616.6072815461525,1233.214563092305,107.52952099994673,134.66967800001157,136.00889661999418,11.736956681102845,12.283205961417538,12.301836362833878,1621.01673254989,11237.0,73.40625,62.0,130.7634375,2788.9375,True
artifacts/env/20260819T172713Z-e02_bt4096_medium_c4.json,/home/user/projects/QwenServe-12G/artifacts/results/e02_batch_tokens/bt4096/e02_bt4096_medium_c4/e02_bt4096_medium_c4-infqps-concurrency4-Qwen2.5-3B-Instruct-20260820-012907.json,e02_bt4096_medium_c4,e02_batch_tokens_4096_bf16,1,17525af27771bcb3bc2d36d2dd9701ce4473f6255f88f0002631d36ab19095a9,51e73a5187bf965b0537c5defe7acb050e43d4cdecd3a5290646bcbde62c4090,512,256,1000.0,50.0,4,100,0,0.0,1.2525561147331077,1.2525561147331077,320.65436537167557,961.9630961150268,196.9685544999038,199.22005620014716,203.04607989997066,11.749671192157228,12.279957587254469,12.28902104768596,3196.153369950048,11237.0,90.86458333333333,69.0,151.1709375,2852.8541666666665,True
artifacts/env/20260819T172713Z-e02_bt4096_medium_c4.json,/home/user/projects/QwenServe-12G/artifacts/results/e02_batch_tokens/bt4096/e02_bt4096_medium_c4/e02_bt4096_medium_c4-infqps-concurrency4-Qwen2.5-3B-Instruct-20260820-013116.json,e02_bt4096_medium_c4,e02_batch_tokens_4096_bf16,2,17525af27771bcb3bc2d36d2dd9701ce4473f6255f88f0002631d36ab19095a9,51e73a5187bf965b0537c5defe7acb050e43d4cdecd3a5290646bcbde62c4090,512,256,1000.0,50.0,4,100,0,0.0,1.2527335050653006,1.2527335050653006,320.69977729671695,962.0993318901508,196.9641530000672,198.33767649993206,204.17406330011318,11.747398527450951,12.28029344588188,12.282242645725788,3195.37093350001,11237.0,89.94845360824742,68.0,151.59639175257732,2847.721649484536,True
artifacts/env/20260819T172713Z-e02_bt4096_medium_c4.json,/home/user/projects/QwenServe-12G/artifacts/results/e02_batch_tokens/bt4096/e02_bt4096_medium_c4/e02_bt4096_medium_c4-infqps-concurrency4-Qwen2.5-3B-Instruct-20260820-013326.json,e02_bt4096_medium_c4,e02_batch_tokens_4096_bf16,3,17525af27771bcb3bc2d36d2dd9701ce4473f6255f88f0002631d36ab19095a9,51e73a5187bf965b0537c5defe7acb050e43d4cdecd3a5290646bcbde62c4090,512,256,1000.0,50.0,4,100,0,0.0,1.2525534200331028,1.2525534200331028,320.6536755284743,961.9610265854229,197.33889300005103,199.12347980000504,204.11061219996327,11.747106162745105,12.279944935686064,12.285685831019727,3196.5990891500383,11237.0,90.90625,69.0,151.38343749999999,2850.8229166666665,True
artifacts/env/20260819T173356Z-e02_bt4096_long_c4.json,/home/user/projects/QwenServe-12G/artifacts/results/e02_batch_tokens/bt4096/e02_bt4096_long_c4/e02_bt4096_long_c4-infqps-concurrency4-Qwen2.5-3B-Instruct-20260820-013610.json,e02_bt4096_long_c4,e02_batch_tokens_4096_bf16,1,17525af27771bcb3bc2d36d2dd9701ce4473f6255f88f0002631d36ab19095a9,51e73a5187bf965b0537c5defe7acb050e43d4cdecd3a5290646bcbde62c4090,2048,256,1000.0,50.0,4,100,0,0.0,1.0179487509071312,1.0179487509071312,260.5948802322256,2345.3539220900307,597.3936354999978,614.3648043998382,803.0903682899293,13.052229705882453,14.523476476078896,14.533691158980218,3933.3893680499727,11409.0,91.5042735042735,70.0,166.03435897435898,2846.948717948718,True
artifacts/env/20260819T173356Z-e02_bt4096_long_c4.json,/home/user/projects/QwenServe-12G/artifacts/results/e02_batch_tokens/bt4096/e02_bt4096_long_c4/e02_bt4096_long_c4-infqps-concurrency4-Qwen2.5-3B-Instruct-20260820-013840.json,e02_bt4096_long_c4,e02_batch_tokens_4096_bf16,2,17525af27771bcb3bc2d36d2dd9701ce4473f6255f88f0002631d36ab19095a9,51e73a5187bf965b0537c5defe7acb050e43d4cdecd3a5290646bcbde62c4090,2048,256,1000.0,50.0,4,100,0,0.0,1.0178449701112577,1.0178449701112577,260.568312348482,2345.1148111363377,597.2133505000556,613.9133346998506,805.0613163601338,13.051442084314228,14.525670229607822,14.528266439216026,3932.0205821999366,11409.0,91.62393162393163,70.0,166.48017094017095,2846.051282051282,True
artifacts/env/20260819T173356Z-e02_bt4096_long_c4.json,/home/user/projects/QwenServe-12G/artifacts/results/e02_batch_tokens/bt4096/e02_bt4096_long_c4/e02_bt4096_long_c4-infqps-concurrency4-Qwen2.5-3B-Instruct-20260820-014111.json,e02_bt4096_long_c4,e02_batch_tokens_4096_bf16,3,17525af27771bcb3bc2d36d2dd9701ce4473f6255f88f0002631d36ab19095a9,51e73a5187bf965b0537c5defe7acb050e43d4cdecd3a5290646bcbde62c4090,2048,256,1000.0,50.0,4,100,0,0.0,1.0180769264431802,1.0180769264431802,260.6276931694541,2345.649238525087,601.5606964999733,614.4156056498787,805.1413228301044,13.035091107843199,14.522764952550336,14.528083290511002,3930.9890845501286,11409.0,91.64102564102564,70.0,165.5657264957265,2846.4957264957266,True
artifacts/env/20260819T174141Z-e02_bt4096_long_c8.json,/home/user/projects/QwenServe-12G/artifacts/results/e02_batch_tokens/bt4096/e02_bt4096_long_c8/e02_bt4096_long_c8-infqps-concurrency8-Qwen2.5-3B-Instruct-20260820-014316.json,e02_bt4096_long_c8,e02_batch_tokens_4096_bf16,1,17525af27771bcb3bc2d36d2dd9701ce4473f6255f88f0002631d36ab19095a9,51e73a5187bf965b0537c5defe7acb050e43d4cdecd3a5290646bcbde62c4090,2048,256,1000.0,50.0,8,100,0,0.0,1.6110675244865593,1.2888540195892473,412.4332862685592,3711.899576417032,623.4612180001022,1393.4006496999018,1602.032739040369,16.556301066666315,18.08074953568706,18.124846839099252,5046.89848045,11409.0,88.58227848101266,70.0,173.51291139240507,2830.746835443038,True
artifacts/env/20260819T174141Z-e02_bt4096_long_c8.json,/home/user/projects/QwenServe-12G/artifacts/results/e02_batch_tokens/bt4096/e02_bt4096_long_c8/e02_bt4096_long_c8-infqps-concurrency8-Qwen2.5-3B-Instruct-20260820-014508.json,e02_bt4096_long_c8,e02_batch_tokens_4096_bf16,2,17525af27771bcb3bc2d36d2dd9701ce4473f6255f88f0002631d36ab19095a9,51e73a5187bf965b0537c5defe7acb050e43d4cdecd3a5290646bcbde62c4090,2048,256,1000.0,50.0,8,100,0,0.0,1.610189599349348,1.3525592634534525,412.2085374334331,3709.876836900898,621.2117365000722,1215.4020936498678,1602.1628709999777,16.589141111764512,18.12150677607816,18.127251898548824,5047.339679749825,11409.0,88.56962025316456,70.0,173.12936708860758,2829.8101265822784,True
artifacts/env/20260819T174141Z-e02_bt4096_long_c8.json,/home/user/projects/QwenServe-12G/artifacts/results/e02_batch_tokens/bt4096/e02_bt4096_long_c8/e02_bt4096_long_c8-infqps-concurrency8-Qwen2.5-3B-Instruct-20260820-014659.json,e02_bt4096_long_c8,e02_batch_tokens_4096_bf16,3,17525af27771bcb3bc2d36d2dd9701ce4473f6255f88f0002631d36ab19095a9,51e73a5187bf965b0537c5defe7acb050e43d4cdecd3a5290646bcbde62c4090,2048,256,1000.0,50.0,8,100,0,0.0,1.6100190855017658,1.4329169860965716,412.16488588845203,3709.4839729960686,620.5091429999356,1205.6504078496118,1600.5765024298535,16.58731597254861,18.11457157784291,18.133866583608377,5046.601202800161,11409.0,88.58227848101266,70.0,173.5407594936709,2829.240506329114,True
artifacts/env/20260820T154836Z-e02_bt16384_medium_c8.json,/home/user/projects/QwenServe-12G/artifacts/results/e02_batch_tokens/bt16384/e02_bt16384_medium_c8/e02_bt16384_medium_c8-infqps-concurrency8-Qwen2.5-3B-Instruct-20260820-234952.json,e02_bt16384_medium_c8,e02_batch_tokens_16384_bf16,1,5962204d816d1c6be3662f6f4f47748f875236a031dc695aa2ce0c806bf4d4ec,4c86fb26d47e3b52f86f42204723985d19bab7b205a79c79247c3c2b8da841f0,512,256,1000.0,50.0,8,100,0,0.0,2.2399710791707155,2.2399710791707155,573.4325962677032,1720.2977888031096,384.4027964999981,400.33670600000306,402.197753110014,12.017251368627448,13.263123015098039,13.27200218192153,3464.1503237500033,10557.0,86.4,69.0,151.93783333333334,2834.3166666666666,True
artifacts/env/20260820T154836Z-e02_bt16384_medium_c8.json,/home/user/projects/QwenServe-12G/artifacts/results/e02_batch_tokens/bt16384/e02_bt16384_medium_c8/e02_bt16384_medium_c8-infqps-concurrency8-Qwen2.5-3B-Instruct-20260820-235123.json,e02_bt16384_medium_c8,e02_batch_tokens_16384_bf16,2,5962204d816d1c6be3662f6f4f47748f875236a031dc695aa2ce0c806bf4d4ec,4c86fb26d47e3b52f86f42204723985d19bab7b205a79c79247c3c2b8da841f0,512,256,1000.0,50.0,8,100,0,0.0,2.240848451488309,2.240848451488309,573.6572035810071,1720.9716107430213,364.8801365000054,392.95566575003136,394.4155784399675,12.026881096078364,13.271067507058929,13.277446282509743,3456.3917377000366,10557.0,86.71666666666667,68.0,151.962,2833.5666666666666,True
artifacts/env/20260820T154836Z-e02_bt16384_medium_c8.json,/home/user/projects/QwenServe-12G/artifacts/results/e02_batch_tokens/bt16384/e02_bt16384_medium_c8/e02_bt16384_medium_c8-infqps-concurrency8-Qwen2.5-3B-Instruct-20260820-235254.json,e02_bt16384_medium_c8,e02_batch_tokens_16384_bf16,3,5962204d816d1c6be3662f6f4f47748f875236a031dc695aa2ce0c806bf4d4ec,4c86fb26d47e3b52f86f42204723985d19bab7b205a79c79247c3c2b8da841f0,512,256,1000.0,50.0,8,100,0,0.0,2.239676674792498,2.239676674792498,573.3572287468795,1720.0716862406384,391.4555989999826,393.67619399996556,394.54078845998765,12.009847213725417,13.26750271313717,13.27121176349029,3480.714138099981,10557.0,85.18333333333334,69.0,151.3995,2827.1833333333334,True
artifacts/env/20260820T155319Z-e02_bt16384_short_c4.json,/home/user/projects/QwenServe-12G/artifacts/results/e02_batch_tokens/bt16384/e02_bt16384_short_c4/e02_bt16384_short_c4-infqps-concurrency4-Qwen2.5-3B-Instruct-20260820-235426.json,e02_bt16384_short_c4,e02_batch_tokens_16384_bf16,1,5962204d816d1c6be3662f6f4f47748f875236a031dc695aa2ce0c806bf4d4ec,4c86fb26d47e3b52f86f42204723985d19bab7b205a79c79247c3c2b8da841f0,128,128,1000.0,50.0,4,100,0,0.0,2.5873261485279286,2.5873261485279286,331.17774701157487,662.3554940231497,59.054682999999386,86.70706500001302,97.15594112002464,11.67743252755901,11.874815053149373,11.886319112283593,1569.949211550042,10561.0,84.12,60.0,137.9506,2830.58,True
artifacts/env/20260820T155319Z-e02_bt16384_short_c4.json,/home/user/projects/QwenServe-12G/artifacts/results/e02_batch_tokens/bt16384/e02_bt16384_short_c4/e02_bt16384_short_c4-infqps-concurrency4-Qwen2.5-3B-Instruct-20260820-235547.json,e02_bt16384_short_c4,e02_batch_tokens_16384_bf16,2,5962204d816d1c6be3662f6f4f47748f875236a031dc695aa2ce0c806bf4d4ec,4c86fb26d47e3b52f86f42204723985d19bab7b205a79c79247c3c2b8da841f0,128,128,1000.0,50.0,4,100,0,0.0,2.5889866809496045,2.5889866809496045,331.3902951615494,662.7805903230987,59.226805999969656,69.95572470010529,89.54936191997604,11.679024090551414,11.879609097244284,11.888086162282937,1553.5608257500428,10561.0,82.94117647058823,59.0,137.93254901960785,2830.372549019608,True
artifacts/env/20260820T155319Z-e02_bt16384_short_c4.json,/home/user/projects/QwenServe-12G/artifacts/results/e02_batch_tokens/bt16384/e02_bt16384_short_c4/e02_bt16384_short_c4-infqps-concurrency4-Qwen2.5-3B-Instruct-20260820-235709.json,e02_bt16384_short_c4,e02_batch_tokens_16384_bf16,3,5962204d816d1c6be3662f6f4f47748f875236a031dc695aa2ce0c806bf4d4ec,4c86fb26d47e3b52f86f42204723985d19bab7b205a79c79247c3c2b8da841f0,128,128,1000.0,50.0,4,100,0,0.0,2.5890977474143764,2.5890977474143764,331.4045116690402,662.8090233380804,59.08625099999654,73.98301459996333,74.99222363004378,11.678983039370285,11.87953285118121,11.883508889999993,1556.9799256000863,10561.0,83.62,63.0,137.9964,2827.88,True
artifacts/env/20260820T155739Z-e02_bt16384_short_c8.json,/home/user/projects/QwenServe-12G/artifacts/results/e02_batch_tokens/bt16384/e02_bt16384_short_c8/e02_bt16384_short_c8-infqps-concurrency8-Qwen2.5-3B-Instruct-20260820-235826.json,e02_bt16384_short_c8,e02_batch_tokens_16384_bf16,1,5962204d816d1c6be3662f6f4f47748f875236a031dc695aa2ce0c806bf4d4ec,4c86fb26d47e3b52f86f42204723985d19bab7b205a79c79247c3c2b8da841f0,128,128,1000.0,50.0,8,100,0,0.0,4.799290352970366,4.799290352970366,614.3091651802068,1228.6183303604137,105.80776199998354,114.9014162000924,116.67510841996548,11.812607688976035,12.308118962991914,12.315213812756381,1618.7095152500035,10561.0,75.90625,61.0,132.62437500000001,2799.96875,True
artifacts/env/20260820T155739Z-e02_bt16384_short_c8.json,/home/user/projects/QwenServe-12G/artifacts/results/e02_batch_tokens/bt16384/e02_bt16384_short_c8/e02_bt16384_short_c8-infqps-concurrency8-Qwen2.5-3B-Instruct-20260820-235928.json,e02_bt16384_short_c8,e02_batch_tokens_16384_bf16,2,5962204d816d1c6be3662f6f4f47748f875236a031dc695aa2ce0c806bf4d4ec,4c86fb26d47e3b52f86f42204723985d19bab7b205a79c79247c3c2b8da841f0,128,128,1000.0,50.0,8,100,0,0.0,4.82584780023031,4.82584780023031,617.7085184294797,1235.4170368589594,104.27815349999037,121.98593799996047,122.2878744000252,11.73240220078682,12.275254907086987,12.284482838582848,1613.155063049959,10561.0,75.78125,57.0,130.9703125,2799.96875,True
artifacts/env/20260820T155739Z-e02_bt16384_short_c8.json,/home/user/projects/QwenServe-12G/artifacts/results/e02_batch_tokens/bt16384/e02_bt16384_short_c8/e02_bt16384_short_c8-infqps-concurrency8-Qwen2.5-3B-Instruct-20260821-000031.json,e02_bt16384_short_c8,e02_batch_tokens_16384_bf16,3,5962204d816d1c6be3662f6f4f47748f875236a031dc695aa2ce0c806bf4d4ec,4c86fb26d47e3b52f86f42204723985d19bab7b205a79c79247c3c2b8da841f0,128,128,1000.0,50.0,8,100,0,0.0,4.833687126676132,4.833687126676132,618.7119522145449,1237.4239044290898,103.70076149996521,111.6371475499534,112.91270330999396,11.737067842519952,12.269126577558744,12.274379851416937,1599.6211666999216,10561.0,76.34375,62.0,131.4875,2800.90625,True
artifacts/env/20260820T160101Z-e02_bt16384_medium_c4.json,/home/user/projects/QwenServe-12G/artifacts/results/e02_batch_tokens/bt16384/e02_bt16384_medium_c4/e02_bt16384_medium_c4-infqps-concurrency4-Qwen2.5-3B-Instruct-20260821-000254.json,e02_bt16384_medium_c4,e02_batch_tokens_16384_bf16,1,5962204d816d1c6be3662f6f4f47748f875236a031dc695aa2ce0c806bf4d4ec,4c86fb26d47e3b52f86f42204723985d19bab7b205a79c79247c3c2b8da841f0,512,256,1000.0,50.0,4,100,0,0.0,1.2519250837145666,1.2519250837145666,320.49282143092904,961.4784642927872,197.32131349996962,198.49939554994194,202.65757292998387,11.756368580392081,12.287715211372857,12.289105665882106,3196.0972765500346,10561.0,90.18556701030928,68.0,151.59783505154638,2852.6701030927834,True
artifacts/env/20260820T160101Z-e02_bt16384_medium_c4.json,/home/user/projects/QwenServe-12G/artifacts/results/e02_batch_tokens/bt16384/e02_bt16384_medium_c4/e02_bt16384_medium_c4-infqps-concurrency4-Qwen2.5-3B-Instruct-20260821-000504.json,e02_bt16384_medium_c4,e02_batch_tokens_16384_bf16,2,5962204d816d1c6be3662f6f4f47748f875236a031dc695aa2ce0c806bf4d4ec,4c86fb26d47e3b52f86f42204723985d19bab7b205a79c79247c3c2b8da841f0,512,256,1000.0,50.0,4,100,0,0.0,1.2516564969523951,1.2516564969523951,320.42406321981315,961.2721896594395,197.4975954999536,200.99682454999765,205.04285592994847,11.755957488235165,12.288640062941107,12.293656364979945,3199.0476440000407,10561.0,90.37113402061856,68.0,151.45886597938144,2851.4329896907216,True
artifacts/env/20260820T160101Z-e02_bt16384_medium_c4.json,/home/user/projects/QwenServe-12G/artifacts/results/e02_batch_tokens/bt16384/e02_bt16384_medium_c4/e02_bt16384_medium_c4-infqps-concurrency4-Qwen2.5-3B-Instruct-20260821-000713.json,e02_bt16384_medium_c4,e02_batch_tokens_16384_bf16,3,5962204d816d1c6be3662f6f4f47748f875236a031dc695aa2ce0c806bf4d4ec,4c86fb26d47e3b52f86f42204723985d19bab7b205a79c79247c3c2b8da841f0,512,256,1000.0,50.0,4,100,0,0.0,1.2512216878198186,1.2512216878198186,320.31275208187355,960.9382562456207,197.7406889999429,202.63912235008092,203.07141931000388,11.757066521568495,12.287061757450578,12.290376481529897,3201.8909977000476,10561.0,90.95876288659794,69.0,151.55546391752577,2851.1237113402062,True
artifacts/env/20260820T160743Z-e02_bt16384_long_c4.json,/home/user/projects/QwenServe-12G/artifacts/results/e02_batch_tokens/bt16384/e02_bt16384_long_c4/e02_bt16384_long_c4-infqps-concurrency4-Qwen2.5-3B-Instruct-20260821-000957.json,e02_bt16384_long_c4,e02_batch_tokens_16384_bf16,1,5962204d816d1c6be3662f6f4f47748f875236a031dc695aa2ce0c806bf4d4ec,4c86fb26d47e3b52f86f42204723985d19bab7b205a79c79247c3c2b8da841f0,2048,256,1000.0,50.0,4,100,0,0.0,1.0181210873359663,1.0181210873359663,260.63899835800737,2345.750985222066,607.529710499989,804.0064830499773,810.3143266798065,13.010558517647254,14.542140816274696,14.547390336940957,3931.976965999854,10821.0,91.42241379310344,70.0,165.99456896551723,2845.75,True
artifacts/env/20260820T160743Z-e02_bt16384_long_c4.json,/home/user/projects/QwenServe-12G/artifacts/results/e02_batch_tokens/bt16384/e02_bt16384_long_c4/e02_bt16384_long_c4-infqps-concurrency4-Qwen2.5-3B-Instruct-20260821-001228.json,e02_bt16384_long_c4,e02_batch_tokens_16384_bf16,2,5962204d816d1c6be3662f6f4f47748f875236a031dc695aa2ce0c806bf4d4ec,4c86fb26d47e3b52f86f42204723985d19bab7b205a79c79247c3c2b8da841f0,2048,256,1000.0,50.0,4,100,0,0.0,1.0182519590602384,1.0182519590602384,260.672501519421,2346.052513674789,796.5985724999882,805.0205541998253,805.7901216599862,12.268029560784147,14.543635786666412,14.547641755372991,3931.411430499861,10821.0,91.63247863247864,70.0,165.68034188034187,2846.803418803419,True
artifacts/env/20260820T160743Z-e02_bt16384_long_c4.json,/home/user/projects/QwenServe-12G/artifacts/results/e02_batch_tokens/bt16384/e02_bt16384_long_c4/e02_bt16384_long_c4-infqps-concurrency4-Qwen2.5-3B-Instruct-20260821-001458.json,e02_bt16384_long_c4,e02_batch_tokens_16384_bf16,3,5962204d816d1c6be3662f6f4f47748f875236a031dc695aa2ce0c806bf4d4ec,4c86fb26d47e3b52f86f42204723985d19bab7b205a79c79247c3c2b8da841f0,2048,256,1000.0,50.0,4,100,0,0.0,1.0180837592180934,1.0180837592180934,260.6294423598319,2345.6649812384867,608.1541849998757,805.5255404999912,809.0041521900753,13.01560080196128,14.54388283019621,14.549753028078497,3931.555663150084,10892.0,91.66666666666667,70.0,165.5646153846154,2846.6153846153848,True
artifacts/env/20260820T161528Z-e02_bt16384_long_c8.json,/home/user/projects/QwenServe-12G/artifacts/results/e02_batch_tokens/bt16384/e02_bt16384_long_c8/e02_bt16384_long_c8-infqps-concurrency8-Qwen2.5-3B-Instruct-20260821-001703.json,e02_bt16384_long_c8,e02_batch_tokens_16384_bf16,1,5962204d816d1c6be3662f6f4f47748f875236a031dc695aa2ce0c806bf4d4ec,4c86fb26d47e3b52f86f42204723985d19bab7b205a79c79247c3c2b8da841f0,2048,256,1000.0,50.0,8,100,0,0.0,1.604497422783131,0.5294841495184333,410.75134023248154,3696.7620620923335,1589.3114655000318,1789.330721099941,1789.9496439800532,12.76643202941159,18.129175102353432,18.21214431043103,5044.060783499946,11777.0,88.64556962025317,70.0,173.68911392405064,2829.9113924050635,True
artifacts/env/20260820T161528Z-e02_bt16384_long_c8.json,/home/user/projects/QwenServe-12G/artifacts/results/e02_batch_tokens/bt16384/e02_bt16384_long_c8/e02_bt16384_long_c8-infqps-concurrency8-Qwen2.5-3B-Instruct-20260821-001855.json,e02_bt16384_long_c8,e02_batch_tokens_16384_bf16,2,5962204d816d1c6be3662f6f4f47748f875236a031dc695aa2ce0c806bf4d4ec,4c86fb26d47e3b52f86f42204723985d19bab7b205a79c79247c3c2b8da841f0,2048,256,1000.0,50.0,8,100,0,0.0,1.6079835186389804,0.659273242641982,411.643780771579,3704.794026944211,1593.716028000017,1601.5291939001486,1610.630715310017,12.78642713137234,18.154630334705622,18.180005436823407,4863.5974856000985,11788.0,88.74683544303798,70.0,172.213417721519,2830.0886075949365,True
artifacts/env/20260820T161528Z-e02_bt16384_long_c8.json,/home/user/projects/QwenServe-12G/artifacts/results/e02_batch_tokens/bt16384/e02_bt16384_long_c8/e02_bt16384_long_c8-infqps-concurrency8-Qwen2.5-3B-Instruct-20260821-002046.json,e02_bt16384_long_c8,e02_batch_tokens_16384_bf16,3,5962204d816d1c6be3662f6f4f47748f875236a031dc695aa2ce0c806bf4d4ec,4c86fb26d47e3b52f86f42204723985d19bab7b205a79c79247c3c2b8da841f0,2048,256,1000.0,50.0,8,100,0,0.0,1.6063623581244315,0.5461632017623067,411.22876367985447,3701.0588731186904,1594.2551120000417,1609.3942705496147,1609.9072405800712,12.789836376470578,18.162846919607695,18.22100272662799,4888.229389499861,11799.0,88.69620253164557,69.0,173.09227848101267,2831.53164556962,True
